"","Gene","True_labels","CF_S_pred","CF_final_labels","Abla_crp_BM_Final","Abla_crp_BM_Final_labs","Abla_fur_BM_Final","Abla_fur_BM_Final_labs","Abla_cra_BM_Final","Abla_cra_BM_Final_labs","Abla_10_BM_Final","Abla_10_BM_Final_labs","Abla_MGR_40_BM_Final","Abla_40_BM_Final_labs"
"1","nhaA",1,0.632987025,1,0.68838511245308,1,0.627392238101223,1,0.623123383697647,1,0.690842937662757,1,0.693494801720314,1
"2","dapB",0,0,0,0,0,0,0,0,0,0,0,0,0
"3","carA",1,0.627942015,1,0.694141597877172,1,0.630011762394326,1,0.62729521868296,1,0.690196141458008,1,0.69045485996905,1
"4","carB",1,0.632404908,1,0.690810597745662,1,0.62994708278215,1,0.628427111896029,1,0.691036976420743,1,0.691198675510355,1
"5","caiD",1,0.629397306,1,0.689775724046896,1,0.632598946881341,1,0.626292684694241,1,0.690487199754869,1,0.690422520183819,1
"6","caiC",1,0.627715636,1,0.691198675550969,1,0.631240675025658,1,0.626713102173381,1,0.690228481319509,1,0.688870209402748,1
"7","caiT",1,0.630755578,1,0.690584219110942,1,0.623576140982875,1,0.62729521868296,1,0.691101656172077,1,0.687802995804237,1
"8","apaH",1,0.628427112,1,0.688740850264939,1,0.628071374029064,1,0.627974354610801,1,0.690972296978674,1,0.691133995898957,1
"9","araA",0,0.625548869,1,0.690681238466114,1,0.628750509956906,1,0.627521597325573,1,0.690487199725709,1,0.689387646442222,1
"10","thiP",1,0.625807588,1,0.690196141544118,1,0.62868583034473,1,0.630270480843027,1,0.689581685224382,1,0.688579151194551,1
"11","leuD",1,0.218755202,1,0.221960309057585,1,0.218977162503851,1,0.218719688545344,1,0.221960309057585,1,0.221960309057585,1
"12","leuB",1,0.218701932,1,0.221960309057585,1,0.218932770442039,1,0.218675296483533,1,0.221960309057585,1,0.221960309057585,1
"13","leuA",1,0.218861743,1,0.221960309057585,1,0.218701931720619,1,0.218693053308257,1,0.221960309057585,1,0.221960309057585,1
"14","murG",0,0,0,0,0,0,0,0,0,0,0,0,0
"15","murC",0,0,0,0,0,0,0,0,0,0,0,0,0
"16","ddlB",1,0,0,0,0,0,0,0,0,0,0,0,0
"17","lpxC",0,0,0,0,0,0,0,0,0,0,0,0,0
"18","nadC",1,0,0,0,0,0,0,0,0,0,0,0,0
"19","ampD",1,0.627553937,1,0.689387646444613,1,0.630205801230852,1,0.632631286687429,1,0.691004636620475,1,0.691101656093049,1
"20","aceE",1,0.760789563,1,0.760789563265968,1,0.760789563265968,1,0.760789563265968,1,0.760789563265968,1,0.760789563265968,1
"21","lpd",1,0.747885001,1,0.747885000908466,1,0.747885000908466,1,0.747885000908466,1,0.747885000908466,1,0.747885000908466,1
"22","gcd",1,0.626551403,1,0.695338170736741,1,0.62700416042817,1,0.628847529375169,1,0.690519539580661,1,0.692653966784182,1
"23","fhuC",1,0.631078976,1,0.689743384124692,1,0.632437247850903,1,0.628200733253415,1,0.688255753099732,1,0.690519539581445,1
"24","fabZ",0,0,0,0,0,0,0,0,0,0,0,0,0
"25","metQ",1,0.797772395,1,0.79777239473458,1,0.79777239473458,1,0.79777239473458,1,0.79777239473458,1,0.79777239473458,1
"26","metN",1,0.797772395,1,0.79777239473458,1,0.79777239473458,1,0.79777239473458,1,0.79777239473458,1,0.79777239473458,1
"27","dkgB",1,0.63214619,1,0.692589287213839,1,0.630399840067378,1,0.631014296383044,1,0.690066782336466,1,0.690972296866203,1
"28","gloB",1,0.628912209,1,0.689905083313516,1,0.630884937158693,1,0.629235607048221,1,0.691651432731337,1,0.691457393960754,1
"29","pepD",1,0.629850063,1,0.689711044551331,1,0.629397306078659,1,0.627909674998626,1,0.69265396676145,1,0.691845471636662,1
"30","betB",1,0.63201683,1,0.689872743440239,1,0.631240675025658,1,0.630626218709992,1,0.690810597746572,1,0.691683772588017,1
"31","prpC",1,0.63033516,1,0.691457393927228,1,0.62813605364124,1,0.62868583034473,1,0.69064889880771,1,0.688288092918901,1
"32","prpE",1,0.624740374,1,0.690616559001556,1,0.632275548820464,1,0.626066306051627,1,0.68890254928006,1,0.690681238614112,1
"33","cynT",1,0,0,0,0,0,0,0,0,0,0,0,0
"34","mhpC",1,0.631402374,1,0.692427588180222,1,0.631046636189132,1,0.628750509956906,1,0.693915219104043,1,0.693203743511952,1
"35","tauA",1,0.629138588,1,0.691231015187208,1,0.626486723530767,1,0.630302820649115,1,0.692718646341024,1,0.690131461975621,1
"36","tauB",1,0.625904607,1,0.68799703473854,1,0.628491791508204,1,0.625484189542049,1,0.691554413274779,1,0.688417452246222,1
"37","tauD",1,0.631208335,1,0.691457393917427,1,0.63162875269871,1,0.629785383751712,1,0.691328034655005,1,0.692233549315951,1
"38","aroL",1,0,0,0,0,0,0,0,0,0,0,0,0
"39","malZ",1,0.62706884,1,0.689775724130367,1,0.628039034222977,1,0.629461985690835,1,0.692427588189611,1,0.693882879432309,1
"40","tsx",1,0.780875477,1,0.780875476857818,1,0.780875476857818,1,0.780875476857818,1,0.780875476857818,1,0.780875476857818,1
"41","cyoB",1,0.676827691,1,0.676827690865391,1,0.676827690865391,1,0.676827690865391,1,0.676827690865391,1,0.676827690865391,1
"42","amtB",1,0.558080495,1,0.558200661855378,1,0.558237726376511,1,0.558516295514526,1,0.558468696866259,1,0.594983102480673,1
"43","copA",1,0.630044102,1,0.693979898924028,1,0.626745441979469,1,0.632663626493516,1,0.688934889159518,1,0.690584219132148,1
"44","gcl",1,0.626648423,1,0.689064248321789,1,0.627068840040346,1,0.627812655580363,1,0.690551879391596,1,0.689775724043351,1
"45","hyi",1,0.630173461,1,0.693785859924641,1,0.632372568238727,1,0.631596412892623,1,0.690972296978301,1,0.689872743462229,1
"46","glxK",1,0.628330092,1,0.692265889252483,1,0.633569141063972,1,0.631531733280447,1,0.685539209515577,1,0.694756054057269,1
"47","allC",1,0.628879869,1,0.692007170653802,1,0.62813605364124,1,0.632307888626552,1,0.688902549260049,1,0.689161267779167,1
"48","allD",1,0.628265413,1,0.690584219147303,1,0.628815189569081,1,0.627456917713398,1,0.690584219183667,1,0.691036976481235,1
"49","purK",1,0.691360375,1,0.690519539568267,1,0.692750986162992,1,0.689808063988781,1,0.693300762831425,1,0.69132803466557,1
"50","purE",1,0.689646365,1,0.697084520360853,1,0.691004636528977,1,0.694173937656321,1,0.692039510547143,1,0.690293160923973,1
"51","cusF",1,0.633245743,1,0.687608957056079,1,0.632210869208289,1,0.631143655607395,1,0.68893488915532,1,0.691522073639688,1
"52","cusB",1,0.633116384,1,0.692265889102219,1,0.6277156361621,1,0.629882403169975,1,0.688870209452249,1,0.691522073639688,1
"53","cusA",1,0.627877335,1,0.692168869755162,1,0.63065855851608,1,0.628297752671678,1,0.692395248327907,1,0.693009704706486,1
"54","fepC",1,0.631305355,1,0.691845471666685,1,0.633019364360481,1,0.628815189569081,1,0.692265889174202,1,0.69320374351243,1
"55","fepG",1,0.628621151,1,0.688352772482039,1,0.635541869235321,1,0.63065855851608,1,0.6940445784492,1,0.689581685248164,1
"56","fepD",1,0.626033966,1,0.691619092961256,1,0.628459451702117,1,0.627036500234258,1,0.689581685278779,1,0.691166335717696,1
"57","fepB",1,0.631758112,1,0.690002102657731,1,0.63120833521957,1,0.627553937131661,1,0.693494801683544,1,0.690907617197959,1
"58","entE",1,0.629720704,1,0.689711044552237,1,0.627877335192538,1,0.629461985690835,1,0.689969762786841,1,0.691295694930393,1
"59","ahpC",1,0.632922345,1,0.687835335590733,1,0.62994708278215,1,0.630108781812589,1,0.689387646461207,1,0.691360374541626,1
"60","ahpF",1,0.62868583,1,0.686606423154115,1,0.625257810899435,1,0.632631286687429,1,0.690357840427543,1,0.691554413378059,1
"61","citG",1,0.629041568,1,0.691586753249196,1,0.631434713862184,1,0.629882403169975,1,0.690099122192696,1,0.688158733726485,1
"62","citX",1,0.628653491,1,0.689452326066308,1,0.626713102173381,1,0.63065855851608,1,0.692750986200175,1,0.693818199785647,1
"63","citE",1,0.627747976,1,0.694917753210677,1,0.628621150732555,1,0.631370034250009,1,0.687479597695154,1,0.69349480165179,1
"64","dcuC",1,0.629203267,1,0.690357840538193,1,0.62855647112038,1,0.630529199291729,1,0.689872743455907,1,0.693494801743375,1
"65","asnB",1,0,0,0,0,0,0,0,0,0,0,0,0
"66","nagB",1,0.631273015,1,0.690745918331101,1,0.630044102200413,1,0.62897688859952,1,0.692686306574118,1,0.691328034736175,1
"67","fldA",0,0,0,0,0,0,0,0,0,0,0,0,0
"68","pgm",1,0.626292685,1,0.691586753163541,1,0.632566607075253,1,0.63360148087006,1,0.692589287203462,1,0.691069316247037,1
"69","kdpC",1,0.632372568,1,0.691263355106861,1,0.630108781812589,1,0.624578674971593,1,0.690196141578749,1,0.692330568718849,1
"70","kdpB",1,0.629267947,1,0.690487199673042,1,0.629138587629958,1,0.63120833521957,1,0.687317898792206,1,0.690325500780341,1
"71","sdhC",1,0.630302821,1,0.692912685269657,1,0.628750509956906,1,0.628200733253415,1,0.691425054237449,1,0.690745918180793,1
"72","sdhD",1,0.631822792,1,0.693979898824701,1,0.629332626466484,1,0.633019364360481,1,0.691748452075961,1,0.692783326044507,1
"73","sucA",1,0.63039984,1,0.690778258120541,1,0.631370034250009,1,0.629235607048221,1,0.690875277524999,1,0.692750986187371,1
"74","sucB",1,0.629688364,1,0.689096588066422,1,0.633536801257884,1,0.629203267242133,1,0.691036976445534,1,0.688288092918817,1
"75","sucC",1,0.630076442,1,0.688352772576919,1,0.634830393501392,1,0.627650956549924,1,0.692718646268135,1,0.690810597837083,1
"76","sucD",1,0.627165859,1,0.692492267754645,1,0.632728306105692,1,0.635606548847496,1,0.690907617197482,1,0.688288092962798,1
"77","cydA",0,0.629979423,1,0.690196141450223,1,0.628524131314292,1,0.624384636135067,1,0.690002102648711,1,0.690519539518192,1
"78","nadA",1,0,0,0,0,0,0,0,0,0,0,0,0
"79","pnuC",1,0.627392238,1,0.689808063897192,1,0.631240675025658,1,0.630011762394326,1,0.690972296950875,1,0.68990508331302,1
"80","galK",1,0.631434714,1,0.690357840416264,1,0.63036750026129,1,0.627877335192538,1,0.690034442540646,1,0.690228481378354,1
"81","modB",1,0,0,0,0,0,0,0,0,0,0,0,0
"82","modC",1,0,0,0,0,0,0,0,0,0,0,0,0
"83","bioF",1,0,0,0,0,0,0,0,0,0,0,0,0
"84","moaE",1,0.627327558,1,0.688546811385556,1,0.631822791535236,1,0.632243209014376,1,0.691004636593049,1,0.690778258106288,1
"85","glnQ",1,0.628103714,1,0.691004636582836,1,0.630917276964781,1,0.63065855851608,1,0.688449791865912,1,0.69103697645735,1
"86","glnP",1,0.633019364,1,0.690713578448273,1,0.630852597352606,1,0.629203267242133,1,0.6889348890856,1,0.688837869714288,1
"87","moeB",1,0.630658559,1,0.690034442630874,1,0.63373084009441,1,0.626777781785557,1,0.692815665770562,1,0.691425054236955,1
"88","moeA",1,0.628427112,1,0.688352772593762,1,0.62952666530301,1,0.62952666530301,1,0.691942491156264,1,0.690293160923951,1
"89","dacC",1,0.628071374,1,0.689711044543754,1,0.630205801230852,1,0.627974354610801,1,0.688740850354959,1,0.693494801720602,1
"90","ybjG",1,0,0,0,0,0,0,0,0,0,0,0,0
"91","grxA",1,0.632566607,1,0.689775724059454,1,0.626551403142943,1,0.627456917713398,1,0.69200717065335,1,0.69171611240904,1
"92","potF",1,0.635735908,1,0.692395248285447,1,0.628297752671678,1,0.632728306105692,1,0.692556947333927,1,0.693009704639864,1
"93","artP",1,0.628394772,1,0.690972296848088,1,0.630076442006501,1,0.628621150732555,1,0.692815665732511,1,0.692686306591242,1
"94","poxB",1,0.629850063,1,0.691036976537492,1,0.628330092477766,1,0.630917276964781,1,0.691586753191873,1,0.692104189988547,1
"95","cydC",0,0.629947083,1,0.692233549331929,1,0.63023814103694,1,0.628750509956906,1,0.692265889181779,1,0.68874085024892,1
"96","ompF",1,0.808495152,1,0.808495152192279,1,0.808495152192279,1,0.808495152192279,1,0.808495152192279,1,0.808495152192279,1
"97","pncB",1,0.631014296,1,0.694076918345247,1,0.633989558543112,1,0.628782849762993,1,0.689096587994025,1,0.687738316258584,1
"98","ssuB",1,0.627909675,1,0.691133995936843,1,0.629882403169975,1,0.631434713862184,1,0.69268630658523,1,0.692233549315951,1
"99","ssuC",1,0.629332626,1,0.691651432730989,1,0.632081509983938,1,0.630981956576956,1,0.691036976417652,1,0.690778258106288,1
"100","ssuD",1,0.628265413,1,0.690519539625673,1,0.628879869181256,1,0.628750509956906,1,0.693624161033717,1,0.689064248376888,1
"101","pyrD",1,0.630302821,1,0.690939957054782,1,0.63107897599522,1,0.629753043945624,1,0.691489733783007,1,0.692039510469876,1
"102","fabA",0,0.630141122,1,0.68864383091887,1,0.624999092450733,1,0.629397306078659,1,0.690584219154594,1,0.689581685206877,1
"103","hyaA",1,0.627974355,1,0.691910151234887,1,0.631014296383044,1,0.629720704139537,1,0.687835335600122,1,0.692233549315951,1
"104","hyaB",1,0.632243209,1,0.692556947313426,1,0.628491791508204,1,0.629300286660397,1,0.691619092983576,1,0.690422520183819,1
"105","hyaC",1,0.625128452,1,0.69284800558959,1,0.626486723530767,1,0.623737840013313,1,0.695241151253856,1,0.691845471705021,1
"106","appA",1,0.633342762,1,0.692783326115546,1,0.627036500234258,1,0.628815189569081,1,0.688288093028935,1,0.688223413272082,1
"107","torA",1,0.631143656,1,0.690778258081255,1,0.630690898322167,1,0.63107897599522,1,0.689225947385383,1,0.690907617197482,1
"108","agp",1,0.631370034,1,0.692071850199441,1,0.632501927463078,1,0.627230539070784,1,0.694853073513619,1,0.692136529913219,1
"109","putP",1,0.628297753,1,0.690713578401241,1,0.63023814103694,1,0.62994708278215,1,0.691586753112313,1,0.690616558989284,1
"110","ptsG",1,0.789593143,1,0.789593142802671,1,0.789593142802671,1,0.789593142802671,1,0.789593142802671,1,0.789593142802671,1
"111","fhuE",1,0.626389704,1,0.691522073555515,1,0.627553937131661,1,0.6277156361621,1,0.689355306563425,1,0.690228481328608,1
"112","purB",0,0.689258287,1,0.690616558976644,1,0.690616558927349,1,0.691748452134152,1,0.691069316389231,1,0.690713578323657,1
"113","icd",1,0.274723026,1,0.27901993318409,1,0.274756508605017,1,0.274834634186429,1,0.27901993318409,1,0.27901993318409,1
"114","dadX",1,0,0,0,0,0,0,0,0,0,0,0,0
"115","dhaL",1,0.628976889,1,0.691166335659653,1,0.629850063363887,1,0.632081509983938,1,0.692556947412664,1,0.688967228974197,1
"116","narG",1,0.628297753,1,0.689581685309046,1,0.62729521868296,1,0.627747975968187,1,0.691683772661032,1,0.689452325987819,1
"117","narJ",1,0.629203267,1,0.687026840588291,1,0.629494325496923,1,0.627359898295135,1,0.689581685326177,1,0.691231015262815,1
"118","narI",1,0.6303675,1,0.691716112391415,1,0.63204917017785,1,0.6340218983492,1,0.689549345469578,1,0.690034442572889,1
"119","oppA",1,0.628297753,1,0.693365442410004,1,0.628588810926467,1,0.631467053668272,1,0.691295694935291,1,0.691877811325946,1
"120","oppB",1,0.630270481,1,0.692945025021371,1,0.630529199291729,1,0.630335160455203,1,0.690713578310852,1,0.691683772520481,1
"121","trpA",1,0.629267947,1,0.690390180326905,1,0.625548869154224,1,0.62994708278215,1,0.692977364869244,1,0.690390180358474,1
"122","trpC",1,0.625969287,1,0.691198675561632,1,0.628394772089941,1,0.62994708278215,1,0.692912685222134,1,0.690972296843762,1
"123","trpD",1,0.629170927,1,0.691069316390878,1,0.627230539070784,1,0.627747975968187,1,0.691004636573365,1,0.690454859973419,1
"124","acnA",1,0.629785384,1,0.692718646342589,1,0.634345296410076,1,0.627068840040346,1,0.27901993318409,1,0.27901993318409,1
"125","puuA",1,0.626422044,1,0.691036976480702,1,0.627618616743836,1,0.627942014804713,1,0.685927287140163,1,0.689872743388349,1
"126","pspE",1,0.628588811,1,0.690002102739473,1,0.628491791508204,1,0.626098645857715,1,0.689452325956399,1,0.691489733782552,1
"127","paaA",1,0.632501927,1,0.690810597778195,1,0.626842461397732,1,0.628491791508204,1,0.693139063788501,1,0.690099122118485,1
"128","paaB",1,0.629850063,1,0.690196141488442,1,0.628588810926467,1,0.627780315774275,1,0.69265396682623,1,0.689711044507555,1
"129","paaE",1,0.628912209,1,0.686962160920676,1,0.627392238101223,1,0.62687480120382,1,0.691231015258285,1,0.691101656171622,1
"130","paaF",1,0.631240675,1,0.690745918246807,1,0.631240675025658,1,0.630626218709992,1,0.688320432843243,1,0.691263355119951,1
"131","paaH",1,0.629979423,1,0.689128927991588,1,0.63036750026129,1,0.627780315774275,1,0.690842937702125,1,0.689711044507555,1
"132","paaJ",1,0.626325025,1,0.685862607597491,1,0.628524131314292,1,0.62784499538645,1,0.690745918191214,1,0.68893488911702,1
"133","aldA",1,0.62535483,1,0.691101656214207,1,0.6277156361621,1,0.630949616770869,1,0.691036976479796,1,0.691716112409496,1
"134","fdnI",1,0.626907141,1,0.69233056872692,1,0.63107897599522,1,0.629785383751712,1,0,0,0.693106724070345,1
"135","ddpF",1,0.634345296,1,0.690681238584384,1,0.624999092450733,1,0.62645438372468,1,0,0,0.694044578447223,1
"136","ddpD",1,0.631305355,1,0.691489733805366,1,0.625290150705523,1,0.628718170150818,1,0,0,0.69087527745067,1
"137","ddpC",1,0.631499393,1,0.6927509861506,1,0.6277156361621,1,0.63023814103694,1,0,0,0.692071850275999,1
"138","ddpB",1,0.628621151,1,0.692945024982496,1,0.626519063336855,1,0.626228005082066,1,0,0,0.689937423074084,1
"139","ddpA",1,0.630561539,1,0.692265889220324,1,0.630076442006501,1,0.629364966272572,1,0,0,0.688546811412323,1
"140","ddpX",1,0.625160791,1,0.692007170614108,1,0.632987024554393,1,0.631143655607395,1,0,0,0.69110165609334,1
"141","gadC",1,0.626616083,1,0.691036976532381,1,0.630141121618676,1,0.627489257519486,1,0.689711044462382,1,0.690099122104155,1
"142","gadB",1,0.62538717,1,0.69100463660845,1,0.629041568211695,1,0.632243209014376,1,0.692556947381367,1,0.69158675318636,1
"143","lsrC",1,0.629882403,1,0.689452325922958,1,0.631014296383044,1,0.632243209014376,1,0.689711044566361,1,0.689193607400546,1
"144","lsrB",1,0.62868583,1,0.688482131814632,1,0.62910624782387,1,0.631758111923061,1,0.693365442535312,1,0.68935530651755,1
"145","lsrG",1,0.629332626,1,0.68980806391037,1,0.629753043945624,1,0.62616332546989,1,0.690325500779933,1,0.692880345379539,1
"146","ynfF",1,0.631564073,1,0.693979898864601,1,0.627262878876872,1,0.632307888626552,1,0.69194249118962,1,0.691651432730881,1
"147","ynfG",1,0.628944549,1,0.690325500748762,1,0.627359898295135,1,0.630690898322167,1,0.689161267709944,1,0.688967228974156,1
"148","ynfH",1,0.629203267,1,0.692556947431614,1,0.631531733280447,1,0.630852597352606,1,0.690584219133552,1,0.689452325987819,1
"149","fumC",1,0.630561539,1,0.689128927871835,1,0.629850063363887,1,0.632792985717867,1,0.695079452248944,1,0.690034442505808,1
"150","fumA",1,0.630011762,1,0.69210419010332,1,0.629494325496923,1,0.628718170150818,1,0.689128927846219,1,0.688611491051687,1
"151","manA",1,0.631402374,1,0.68906424833719,1,0.628912208987344,1,0.626939480815995,1,0.689743384162868,1,0.691845471705021,1
"152","malX",1,0.789593143,1,0.789593142802671,1,0.789593142802671,1,0.789593142802671,1,0.789593142802671,1,0.789593142802671,1
"153","malY",1,0.627812656,1,0.649726140431956,1,0.629267946854309,1,0.627942014804713,1,0.649726140431956,1,0.649726140431956,1
"154","pykF",1,0.633342762,1,0.690293160924405,1,0.626648422561206,1,0.627068840040346,1,0.690713578324975,1,0.693656500773736,1
"155","sufS",1,0.627877335,1,0.693688840525779,1,0.633213403197007,1,0.62532249051161,1,0.68819107363732,1,0.68958168520729,1
"156","sufA",1,0.631758112,1,0.688708510480692,1,0.629656024527361,1,0.629170927436046,1,0.691392714433518,1,0.693171403682946,1
"157","aroH",1,0.626325025,1,0.687447257976261,1,0.63023814103694,1,0.631175995413483,1,0.6931390638214,1,0.690810597728124,1
"158","chbA",1,0.628265413,1,0.693300762890552,1,0.626810121591644,1,0.629591344915186,1,0.692912685310058,1,0.690972296911753,1
"159","chbB",1,0.628071374,1,0.690584219072766,1,0.628879869181256,1,0.633148723584832,1,0.691845471714163,1,0.692136529913219,1
"160","astA",1,0.628976889,1,0.692427588149875,1,0.626713102173381,1,0.630981956576956,1,0.69009912208307,1,0.691036976480285,1
"161","astC",1,0.630690898,1,0,0,0.629461985690835,1,0.631434713862184,1,0,0,0,0
"162","gdhA",1,0.779433094,1,0.779433094359961,1,0.779433094359961,1,0.779433094359961,1,0.779433094359961,1,0.779433094359961,1
"163","fadD",1,0.629720704,1,0.690002102776825,1,0.631855131341324,1,0.630496859485641,1,0.694303296879662,1,0.692653966783269,1
"164","manY",1,0.789593143,1,0.789593142802671,1,0.789593142802671,1,0.789593142802671,1,0.789593142802671,1,0.789593142802671,1
"165","manZ",1,0.789593143,1,0.789593142802671,1,0.789593142802671,1,0.789593142802671,1,0.789593142802671,1,0.789593142802671,1
"166","eda",1,0.629397306,1,0.690713578454281,1,0.629494325496923,1,0.63078791774043,1,0.689161267801242,1,0.692524607456695,1
"167","zwf",1,0.631337694,1,0.691198675652393,1,0.633407442033533,1,0.630852597352606,1,0.688223413191821,1,0.690163801716299,1
"168","znuA",1,0.626357364,1,0.690875277590151,1,0.624708034195944,1,0.62826541286559,1,0.690551879428043,1,0.688708510455038,1
"169","tyrP",1,0.626907141,1,0.691877811474613,1,0.628039034222977,1,0.628168393447327,1,0.691166335717756,1,0.69013146190854,1
"170","hchA",1,0.630658559,1,0.690681238461376,1,0.627942014804713,1,0.627521597325573,1,0.68971104453564,1,0.690357840401188,1
"171","cobT",1,0.631531733,1,0.691554413335561,1,0.631370034250009,1,0.630205801230852,1,0.692459927921723,1,0.692201209458815,1
"172","glf",1,0.626971821,1,0.689905083252815,1,0.627812655580363,1,0.630076442006501,1,0.689743384168428,1,0.688837869714288,1
"173","rfbC",1,0.630917277,1,0.689031908499369,1,0.628103713835152,1,0.633213403197007,1,0.690228481330996,1,0.693559481366885,1
"174","rfbB",1,0.629397306,1,0.69087527752636,1,0.625581208960312,1,0.6298177235578,1,0.690519539640251,1,0.690745918181617,1
"175","gatD",1,0.626325025,1,0.693559481456329,1,0.62868583034473,1,0.628491791508204,1,0.690454860056195,1,0.693430122175009,1
"176","gatC",1,0.629138588,1,0.690778258062308,1,0.628394772089941,1,0.630496859485641,1,0.688094054232035,1,0.690163801664082,1
"177","gatA",1,0.631628753,1,0.6927509861835,1,0.625678228378575,1,0.631273014831746,1,0.687059180205303,1,0.693656500837153,1
"178","gatZ",1,0.629591345,1,0.691392714376118,1,0.63120833521957,1,0.630852597352606,1,0.692524607545854,1,0.694206277396413,1
"179","mglA",1,0.628621151,1,0.688837869649429,1,0.629203267242133,1,0.632695966299604,1,0.691554413279517,1,0.689743384237158,1
"180","mglB",1,0.629203267,1,0.692459927982962,1,0.627553937131661,1,0.62910624782387,1,0.692104189998063,1,0.692298228918173,1
"181","folE",0,0,0,0,0,0,0,0,0,0,0,0,0
"182","lysP",1,0.629106248,1,0.691522073604728,1,0.628944548793432,1,0.6256135487664,1,0.690519539599894,1,0.691651432663345,1
"183","fruB",1,0.631919811,1,0.689678704733192,1,0.632081509983938,1,0.630464519679554,1,0.691780792041528,1,0.692201209458815,1
"184","ccmD",1,0.628394772,1,0.692686306607968,1,0.629979422588238,1,0.626098645857715,1,0.687220879412246,1,0.690551879375328,1
"185","ccmC",1,0.626971821,1,0.692136529879933,1,0.635477189623146,1,0.632307888626552,1,0.689419986072289,1,0.693171403586456,1
"186","napC",1,0.626422044,1,0.694917753240656,1,0.632922344942218,1,0.632695966299604,1,0.689387646367523,1,0.692071850198947,1
"187","napH",1,0.630690898,1,0.69346246182068,1,0.627489257519486,1,0.62952666530301,1,0.693527141523915,1,0.688708510454419,1
"188","napG",1,0.628297753,1,0.688449791987106,1,0.629720704139537,1,0.629300286660397,1,0.691780791937918,1,0.690939957054617,1
"189","ompC",1,0.808495152,1,0.808495152192279,1,0.808495152192279,1,0.808495152192279,1,0.808495152192279,1,0.808495152192279,1
"190","atoD",1,0.626745442,1,0.690487199805352,1,0.630108781812589,1,0.63120833521957,1,0.691036976457805,1,0.693882879432676,1
"191","nrdA",0,0.629009228,1,0.687802995813611,1,0.629041568211695,1,0.629914742976063,1,0.690131461958326,1,0.694238617283363,1
"192","glpT",1,0.629785384,1,0.692071850124987,1,0.627877335192538,1,0.631758111923061,1,0.692977364847831,1,0.689355306565075,1
"193","nuoN",1,0.644382756,1,0.644382756060937,1,0.644382756060937,1,0.644382756060937,1,0.644382756060937,1,0.644382756060937,1
"194","nuoM",1,0.644382756,1,0.644382756060937,1,0.644382756060937,1,0.644382756060937,1,0.644382756060937,1,0.644382756060937,1
"195","nuoL",1,0.644382756,1,0.644382756060937,1,0.644382756060937,1,0.644382756060937,1,0.644382756060937,1,0.644382756060937,1
"196","nuoK",1,0.644382756,1,0.644382756060937,1,0.644382756060937,1,0.644382756060937,1,0.644382756060937,1,0.644382756060937,1
"197","nuoJ",1,0.644382756,1,0.644382756060937,1,0.644382756060937,1,0.644382756060937,1,0.644382756060937,1,0.644382756060937,1
"198","nuoB",1,0.644382756,1,0.644382756060937,1,0.644382756060937,1,0.644382756060937,1,0.644382756060937,1,0.644382756060937,1
"199","hisM",1,0.629235607,1,0.687673636760427,1,0.625128451675084,1,0.633536801257884,1,0.686412384149996,1,0.690519539583257,1
"200","hisJ",1,0.63043218,1,0.691942491164012,1,0.633795519706586,1,0.628103713835152,1,0.689290626896636,1,0.694788393913947,1
"201","argT",1,0.626907141,1,0.690519539575933,1,0.62532249051161,1,0.628524131314292,1,0.688999568730811,1,0.691845471633329,1
"202","frc",1,0.627780316,1,0.691425054166454,1,0.628815189569081,1,0.633504461451796,1,0.692589287249007,1,0.692427588121416,1
"203","mntH",1,0.631758112,1,0.692848005650841,1,0.632307888626552,1,0.62897688859952,1,0.693850539671078,1,0.690066782298537,1
"204","xapA",1,0.630658559,1,0.691425054284192,1,0.630173461424764,1,0.631887471147412,1,0.691457393998799,1,0.690584219132144,1
"205","ptsH",1,0.789593143,1,0.789593142802619,1,0.789593142802619,1,0.789593142802619,1,0.789593142802619,1,0.789593142802619,1
"206","murP",1,0.62868583,1,0.691036976534566,1,0.631725772116973,1,0.628200733253415,1,0.690034442629141,1,0.689161267779621,1
"207","acrD",1,0.629559005,1,0.692459927978261,1,0.63120833521957,1,0.632566607075253,1,0.687511937616079,1,0.690131461910227,1
"208","hyfD",1,0.629753044,1,0.688158733671839,1,0.630981956576956,1,0.630108781812589,1,0.689258287124786,1,0.691716112445153,1
"209","hyfE",1,0.628491792,1,0.691910151289739,1,0.63107897599522,1,0.62645438372468,1,0.692007170643346,1,0.691457393925416,1
"210","hyfI",1,0.631078976,1,0.692104190090016,1,0.631822791535236,1,0.628782849762993,1,0.688126393827922,1,0.689775724053152,1
"211","hyfJ",1,0.633084044,1,0.690066782304303,1,0.63331042261527,1,0.630852597352606,1,0.69313906379488,1,0.690778258106288,1
"212","upp",1,0.630529199,1,0.690907617258472,1,0.632146189596113,1,0.631467053668272,1,0.684407316163842,1,0.690745918226278,1
"213","purN",1,0.628103714,1,0.692071850205168,1,0.634118917767463,1,0.62616332546989,1,0.693785859962279,1,0.690972296911749,1
"214","guaA",1,0.629235607,1,0.689678704708401,1,0.627780315774275,1,0.627877335192538,1,0.690422520236616,1,0.692589287173565,1
"215","guaB",1,0.628847529,1,0.686768122012508,1,0.632728306105692,1,0.630464519679554,1,0.689225947293346,1,0.688676170636322,1
"216","iscU",1,0,0,0,0,0,0,0,0,0,0,0,0
"217","hcaE",1,0.630302821,1,0.689452326008164,1,0.624934412838558,1,0.62826541286559,1,0.69100463656023,1,0.69236290857582,1
"218","hcaF",1,0.631337694,1,0.690131461891449,1,0.632534267269166,1,0.63078791774043,1,0.692686306616939,1,0.692071850198947,1
"219","hcaB",1,0.630820258,1,0.691910151285006,1,0.629591344915186,1,0.628879869181256,1,0.690584219208085,1,0.694950093098487,1
"220","hcaD",1,0.634409976,1,0.688837869666024,1,0.634798053695304,1,0.627262878876872,1,0.691036976416005,1,0.690163801664082,1
"221","purL",1,0,0,0,0,0,0,0,0,0,0,0,0
"222","trxC",1,0.631661093,1,0.689387646483981,1,0.62826541286559,1,0.62687480120382,1,0.687447258050726,1,0.690648898846926,1
"223","tyrA",1,0.532037892,1,0.539767360267847,1,0.531735621947062,1,0.532318570696151,1,0.539767360267847,1,0.539767360267847,1
"224","gabT",1,0.333193595,1,0,0,0.333315302645178,1,0.332801428030584,1,0,0,0,0
"225","proW",1,0.625322491,1,0.690842937583569,1,0.627456917713398,1,0.62519313128726,1,0.689387646376004,1,0.693882879432676,1
"226","proX",1,0.631273015,1,0.690260821101653,1,0.627392238101223,1,0.632243209014376,1,0.692815665701304,1,0.691748452065622,1
"227","srlE",1,0.630108782,1,0.693074384211644,1,0.626971820622083,1,0.630884937158693,1,0.687350238672114,1,0.689452325987819,1
"228","srlB",1,0.63043218,1,0.693106724109783,1,0.632210869208289,1,0.629267946854309,1,0.692977364809653,1,0.68990508331302,1
"229","norV",1,0.626163325,1,0.694367976466966,1,0.631855131341324,1,0.629364966272572,1,0.692201209531293,1,0.691328034665548,1
"230","ascF",1,0.624449316,1,0.685506869729502,1,0.628944548793432,1,0.630723238128255,1,0.690163801610426,1,0.691133995860083,1
"231","ascB",1,0.629009228,1,0.693753520196811,1,0.627650956549924,1,0.62700416042817,1,0.691036976419382,1,0.690131461975621,1
"232","hycG",1,0.62878285,1,0.689711044514229,1,0.628006694416889,1,0.628427111896029,1,0.69129569491396,1,0.692848005589482,1
"233","hycF",1,0.630270481,1,0.689905083389781,1,0.628621150732555,1,0.631822791535236,1,0.690163801747761,1,0.690228481378354,1
"234","hycD",1,0.628168393,1,0.690325500759311,1,0.632501927463078,1,0.634118917767463,1,0.692136529987141,1,0.691877811393482,1
"235","hycC",1,0.634054238,1,0.693139063721706,1,0.628168393447327,1,0.626260344888153,1,0.690648898815374,1,0.690357840469547,1
"236","hycB",1,0.634798054,1,0.688514471655543,1,0.631273014831746,1,0.628912208987344,1,0.688191073556854,1,0.69200717065335,1
"237","cysD",1,0.629267947,1,0.690681238459274,1,0.629850063363887,1,0.630820257546518,1,0.688223413305644,1,0.687350238579953,1
"238","cysI",1,0.628103714,1,0.693106724098228,1,0.631014296383044,1,0.63373084009441,1,0.690390180326848,1,0.689937423001027,1
"239","cysJ",1,0.626001626,1,0.69077825808891,1,0.623673160401138,1,0.627359898295135,1,0.69158675318574,1,0.690616558989739,1
"240","eno",0,0.625833922,1,0.62583392234344,1,0.62583392234344,1,0.62583392234344,1,0.62583392234344,1,0.62583392234344,1
"241","mazG",1,0.631240675,1,0.692233549340501,1,0.631143655607395,1,0.6298177235578,1,0.690002102703112,1,0.691295694929938,1
"242","relA",1,0.629785384,1,0.69009912220134,1,0.628653490538643,1,0.629591344915186,1,0.686250685207309,1,0.693106724071258,1
"243","gudD",1,0.629235607,1,0.691813131847452,1,0.63107897599522,1,0.628394772089941,1,0.686994500771058,1,0.691683772588017,1
"244","gudP",1,0.629138588,1,0.691392714443731,1,0.630108781812589,1,0.631467053668272,1,0.691942491181143,1,0.689808063842752,1
"245","fucP",1,0.628976889,1,0.688934889105656,1,0.629009228405607,1,0.630723238128255,1,0.690390180251613,1,0.691974830796215,1
"246","fucI",1,0.636221005,1,0.69255694734241,1,0.628588810926467,1,0.627262878876872,1,0.692945024921714,1,0.688773190000016,1
"247","fucK",1,0.630302821,1,0.691716112507423,1,0.633084043972656,1,0.627262878876872,1,0.693947559029336,1,0.690099122118485,1
"248","mltA",1,0.631531733,1,0.690907617174091,1,0.625257810899435,1,0.629041568211695,1,0.689905083235766,1,0.689387646374771,1
"249","argA",1,0.333112457,1,0.33807540433826,1,0.333207118515789,1,0.333423486774566,1,0.33807540433826,1,0.33807540433826,1
"250","lysA",1,0.287013967,1,0.291408405966945,1,0.287153843239827,1,0.287585127680658,1,0.291408405966945,1,0.291408405966945,1
"251","xdhA",1,0.628039034,1,0.689484665775277,1,0.630011762394326,1,0.624287616716804,1,0.690002102715753,1,0.689743384196057,1
"252","xdhB",1,0.629914743,1,0.691910151267502,1,0.627068840040346,1,0.624028898268103,1,0.691328034665548,1,0.688837869714329,1
"253","xdhC",1,0.628976889,1,0.690939956976375,1,0.625969286633364,1,0.633116383778744,1,0.692330568718684,1,0.692233549315951,1
"254","guaD",1,0.628265413,1,0.690357840470508,1,0.628782849762993,1,0.630529199291729,1,0.691425054216035,1,0.694012238640982,1
"255","dsbC",1,0.627780316,1,0.687544277422193,1,0.630852597352606,1,0.627521597325573,1,0.690778258122804,1,0.689484665844954,1
"256","gcvP",1,0.628265413,1,0.691683772505491,1,0.631467053668272,1,0.631661092504798,1,0.691489733771191,1,0.693559481356433,1
"257","gcvT",1,0.630723238,1,0.690163801630024,1,0.628006694416889,1,0.626616082755118,1,0.688837869664377,1,0.691813131827877,1
"258","fbaA",0,0.627489258,1,0.690099122118537,1,0.629623684721273,1,0.629494325496923,1,0.692201209510703,1,0.690196141453682,1
"259","pgk",0,0.542153881,1,0.542153880999659,1,0.542153880999659,1,0.542153880999659,1,0.542153880999659,1,0.542153880999659,1
"260","speA",1,0.633569141,1,0.691198675568975,1,0.633084043972656,1,0.629720704139537,1,0.69035784039394,1,0.691489733766371,1
"261","metK",0,0,0,0,0,0,0,0,0,0,0,0,0
"262","galP",1,0.627812656,1,0.691328034600153,1,0.626228005082066,1,0.631014296383044,1,0.694497335696031,1,0.691489733715016,1
"263","nupG",1,0.769009452,1,0.769009452245334,1,0.769009452245334,1,0.769009452245334,1,0.769009452245334,1,0.769009452245334,1
"264","speC",1,0.630787918,1,0.693430122174223,1,0.629041568211695,1,0.626777781785557,1,0.691069316306744,1,0.691392714344811,1
"265","glcB",1,0.630108782,1,0.687738316320231,1,0.629850063363887,1,0.633569141063972,1,0.691457393869493,1,0.692815665732347,1
"266","glcD",1,0.62706884,1,0.69268630664166,1,0.631370034250009,1,0.632728306105692,1,0.68987274345601,1,0.693656500774065,1
"267","hybC",1,0.629235607,1,0.690584219089074,1,0.629267946854309,1,0.633245743003095,1,0.689581685252177,1,0.688643830908822,1
"268","hybB",1,0.627844995,1,0.69110165625139,1,0.629170927436046,1,0.630529199291729,1,0.691295694933644,1,0.690325500781086,1
"269","exbD",1,0.631046636,1,0.692686306596349,1,0.628621150732555,1,0.632437247850903,1,0.689322966698176,1,0.692071850275999,1
"270","ttdB",1,0.629203267,1,0.69022848129764,1,0.631887471147412,1,0.629688364333449,1,0.692945024939669,1,0.696761122230619,1
"271","uxaA",1,0.630561539,1,0.690519539522432,1,0.635056772144006,1,0.632954684748306,1,0.693624161003737,1,0.692395248264281,1
"272","exuT",1,0.629656025,1,0.691392714443731,1,0.627586276937749,1,0.627877335192538,1,0.693203743594357,1,0.690972296911753,1
"273","tdcD",1,0.724187915,1,0.724187914553474,1,0.724187914553474,1,0.724187914553474,1,0.724187914553474,1,0.724187914553474,1
"274","tdcC",1,0.631919811,1,0.692039510479936,1,0.628815189569081,1,0.629559005109098,1,0.690648898846585,1,0.692524607455789,1
"275","garL",1,0.630917277,1,0.689031908481867,1,0.628750509956906,1,0.62952666530301,1,0.692201209420023,1,0.687156199673349,1
"276","garD",1,0.631046636,1,0.69278332604445,1,0.62813605364124,1,0.62687480120382,1,0.695144131893127,1,0.689517005533415,1
"277","kbaZ",1,0.627877335,1,0.688482131805244,1,0.631596412892623,1,0.62813605364124,1,0.688708510497001,1,0.690713578392017,1
"278","mtr",1,0.632404908,1,0.689419986154403,1,0.627618616743836,1,0.627812655580363,1,0.69006678231159,1,0.690325500746824,1
"279","gltB",1,0.237636232,1,0.237636232396408,1,0.237636232396407,1,0.237636232396407,1,0.237636232396408,1,0.237636232396407,1
"280","gltD",1,0.237636232,1,0.237636232396407,1,0.237636232396408,1,0.237636232396408,1,0.237636232396408,1,0.237636232396407,1
"281","nanK",1,0.630270481,1,0.688255753191483,1,0.627068840040346,1,0.630044102200413,1,0.689419986161775,1,0.69103697645735,1
"282","nanE",1,0.631467054,1,0.689128927900826,1,0.632566607075253,1,0.629882403169975,1,0.693139063715694,1,0.690454860040955,1
"283","aaeB",1,0.629817724,1,0.693333102717627,1,0.631111315801307,1,0.628653490538643,1,0.690584219209446,1,0.689161267779621,1
"284","aaeA",1,0.629623685,1,0.690648898869689,1,0.630529199291729,1,0.629170927436046,1,0.69203951045201,1,0.689775724053152,1
"285","acrE",1,0.62706884,1,0.691263355199347,1,0.627392238101223,1,0.626777781785557,1,0.69236290856619,1,0.68974338412848,1
"286","acrF",1,0.62868583,1,0.689258287175642,1,0.627747975968187,1,0.630949616770869,1,0.690228481318148,1,0.691166335650138,1
"287","purH",1,0.691683773,1,0.689096588048343,1,0.692265889102219,1,0.690810597712761,1,0.68757661725116,1,0.693850539610676,1
"288","purD",1,0,0,0,0,0,0,0,0,0,0,0,0
"289","btuB",1,0.628071374,1,0.692977364849458,1,0.631434713862184,1,0.627650956549924,1,0.693139063850473,1,0.688999568662617,1
"290","argH",1,0.333180072,1,0.33807540433826,1,0.332463352626245,1,0.333301779629004,1,0.33807540433826,1,0.33807540433826,1
"291","argC",1,0.332896089,1,0.33807540433826,1,0.332909612159972,1,0.333274733596657,1,0.33807540433826,1,0.33807540433826,1
"292","argE",1,0.33299075,1,0.33807540433826,1,0.333180072483442,1,0.33274733596589,1,0.33807540433826,1,0.33807540433826,1
"293","katG",1,0.629397306,1,0.689711044489271,1,0.630690898322167,1,0.631661092504798,1,0.692039510582596,1,0.692071850199112,1
"294","metF",1,0.629817724,1,0.64784042394692,1,0.627262878876872,1,0.633342762421358,1,0.64784042394692,1,0.64784042394692,1
"295","metL",1,0,0,0,0,0,0,0,0,0,0,0,0
"296","glpF",1,0.630981957,1,0.691392714430883,1,0.631305354637833,1,0.627974354610801,1,0.686897481357949,1,0.694659034721779,1
"297","glpX",1,0.628233073,1,0.690907617209177,1,0.628006694416889,1,0.632243209014376,1,0.692880345514813,1,0.692071850199399,1
"298","tpiA",1,0.739579281,1,0.739579281087962,1,0.739579281087962,1,0.739579281087962,1,0.739579281087962,1,0.739579281087962,1
"299","pfkA",1,0.630238141,1,0.692136529913782,1,0.630917276964781,1,0.629073908017783,1,0.691942491104959,1,0.691716112378073,1
"300","sodA",1,0.629688364,1,0.691651432723798,1,0.624934412838558,1,0.629753043945624,1,0.688449792012266,1,0.690228481310818,1
"301","rhaB",0,0.62878285,1,0.691522073591056,1,0.624158257492453,1,0.628621150732555,1,0.689322966794582,1,0.690681238534881,1
"302","rhaA",0,0.629817724,1,0.690293160865847,1,0.627942014804713,1,0.62897688859952,1,0.689743384271215,1,0.69006678226135,1
"303","glnA",1,0,0,0,0,0,0,0,0,0,0,0,0
"304","fadB",1,0.792000213,1,0.792000213422889,1,0.792000213422889,1,0.792000213422889,1,0.792000213422889,1,0.792000213422889,1
"305","fadA",1,0.792000213,1,0.792000213422896,1,0.792000213422896,1,0.792000213422896,1,0.792000213422896,1,0.792000213422896,1
"306","metE",1,0.631240675,1,0.690293160924911,1,0.627521597325573,1,0.629073908017783,1,0.692039510475609,1,0.64784042394692,1
"307","wzyE",0,0.627295219,1,0.6919748308624,1,0.630949616770869,1,0.627877335192538,1,0.692007170653927,1,0.68974338412848,1
"308","wzxE",1,0.627553937,1,0.690066782263287,1,0.6298177235578,1,0.630820257546518,1,0.690002102799431,1,0.689064248309353,1
"309","rffH",1,0.627715636,1,0.692945025030153,1,0.63162875269871,1,0.628394772089941,1,0.691716112477065,1,0.69009912205095,1
"310","rffG",1,0.631046636,1,0.689549345326517,1,0.627392238101223,1,0.631499393474359,1,0.689225947262459,1,0.69278332597635,1
"311","ilvC",1,0,0,0,0,0,0,0,0,0,0,0,0
"312","ilvE",1,0.218435579,1,0.221960309057585,1,0.218604269184634,1,0.218817351081329,1,0.221960309057585,1,0.221960309057585,1
"313","rbsB",1,0.632825326,1,0.691328034732551,1,0.628200733253415,1,0.632954684748306,1,0.690713578367434,1,0.693203743511952,1
"314","rbsC",1,0.628944549,1,0.692104190132932,1,0.630173461424764,1,0.628297752671678,1,0.688643830858172,1,0.690099122118485,1
"315","rbsD",1,0.630723238,1,0.691133995879069,1,0.628750509956906,1,0.628524131314292,1,0.690648898775633,1,0.693106724109219,1
"316","asnA",1,0.630626219,1,0.690260821025924,1,0.632016830371763,1,0.628750509956906,1,0.690422520227596,1,0.690584219064612,1
"317","glmS",0,0,0,0,0,0,0,0,0,0,0,0,0
"318","pstA",1,0.628459452,1,0.693624160995172,1,0.626066306051627,1,0.627747975968187,1,0.687026840581455,1,0.690454859971568,1
"319","pstB",1,0.624319957,1,0.689581685272685,1,0.630690898322167,1,0.629559005109098,1,0.686994500802943,1,0.689872743462104,1
"320","bglB",1,0.629397306,1,0.69055187940535,1,0.628233073059503,1,0.629591344915186,1,0.690131462053291,1,0.690972296911753,1
"321","ilvB",1,0.225616932,1,0.228736903382727,1,0.22530584983201,1,0.225360746688758,1,0.228736903382728,1,0.228736903382728,1
"322","ilvN",1,0.225452241,1,0.228736903382727,1,0.225488839354579,1,0.225745024686482,1,0.228736903382728,1,0.228736903382728,1
"323","kbl",1,0.627553937,1,0.693688840589691,1,0.62897688859952,1,0.627262878876872,1,0.690066782323614,1,0.691554413260613,1
"324","yibQ",1,0.627456918,1,0.691133995862883,1,0.630884937158693,1,0.6298177235578,1,0.686121325877558,1,0.688449791866323,1
"325","lldD",1,0.633051704,1,0.689937423023926,1,0.62784499538645,1,0.63065855851608,1,0.68893488919378,1,0.689290626871036,1
"326","lldP",1,0.629850063,1,0.689290626813247,1,0.627909674998626,1,0.630690898322167,1,0.691231015203433,1,0.691586753185284,1
"327","mtlD",1,0.629947083,1,0.69071357839258,1,0.628653490538643,1,0.626777781785557,1,0.691457394009632,1,0.689355306585086,1
"328","mtlA",1,0.63039984,1,0.692071850283082,1,0.630529199291729,1,0.630917276964781,1,0.689290626799575,1,0.690810597794749,1
"329","aldB",1,0.628944549,1,0.688223413223448,1,0.630917276964781,1,0.628491791508204,1,0.688934889092806,1,0.689355306564631,1
"330","sgbE",1,0.629914743,1,0.69113399585984,1,0.634604014858778,1,0.628524131314292,1,0.691425054248365,1,0.689840403598749,1
"331","sgbH",1,0.631014296,1,0.689775724045987,1,0.628879869181256,1,0.629979422588238,1,0.69197483080791,1,0.691101656171622,1
"332","yiaN",1,0.631434714,1,0.688514471672222,1,0.629753043945624,1,0.626777781785557,1,0.690681238499552,1,0.688902549259884,1
"333","yiaM",1,0.628588811,1,0.690066782298741,1,0.629461985690835,1,0.629397306078659,1,0.687511937614061,1,0.689517005533415,1
"334","yiaK",1,0.630141122,1,0.693430122128468,1,0.629009228405607,1,0.631758111923061,1,0.696599423141253,1,0.689549345390551,1
"335","avtA",1,0.630723238,1,0.691651432722892,1,0.63065855851608,1,0.628459451702117,1,0.694141597850359,1,0.689743384196013,1
"336","dppB",1,0.632243209,1,0.690875277465946,1,0.63065855851608,1,0.624805053614207,1,0.690066782231947,1,0.690228481378354,1
"337","dppD",1,0.632890005,1,0.692007170627863,1,0.63234022843264,1,0.630432179873466,1,0.691554413275602,1,0.688191073583621,1
"338","dppF",1,0.631273015,1,0.689193607502923,1,0.630173461424764,1,0.62910624782387,1,0.693236083311435,1,0.691651432730881,1
"339","gadA",1,0.62871817,1,0.692168869800917,1,0.62994708278215,1,0.632534267269166,1,0.686671102659768,1,0.69100463659981,1
"340","arsB",1,0.632340228,1,0.690454859968807,1,0.629235607048221,1,0.632825325523955,1,0.695402850294676,1,0.691101656171622,1
"341","pitA",1,0.631337694,1,0.691554413331366,1,0.62700416042817,1,0.631984490565675,1,0.689614024983383,1,0.69087527745038,1
"342","yhiJ",1,0.633019364,1,0.693203743496303,1,0.63415125757355,1,0.62952666530301,1,0.689808063887806,1,0.693430122174552,1
"343","nikE",1,0.631434714,1,0.688158733661996,1,0.63360148087006,1,0.627165859458609,1,0.691877811373557,1,0.690293160924115,1
"344","nikD",1,0.626551403,1,0.690519539581116,1,0.630917276964781,1,0.627068840040346,1,0.691036976399784,1,0.691780791990914,1
"345","nikC",1,0.629688364,1,0.689905083301203,1,0.630076442006501,1,0.630076442006501,1,0.689258287135904,1,0.690196141521383,1
"346","nikB",1,0.631467054,1,0.688191073564513,1,0.632081509983938,1,0.62687480120382,1,0.690066782327077,1,0.692330568718849,1
"347","nikA",1,0.633084044,1,0.687997034826666,1,0.630399840067378,1,0.624158257492453,1,0.688288092966423,1,0.691069316314651,1
"348","zntA",1,0.625904607,1,0.692265889173169,1,0.63036750026129,1,0.62826541286559,1,0.692007170683906,1,0.689484665776595,1
"349","livJ",1,0.63208151,1,0.688126393949939,1,0.628524131314292,1,0.632113849790026,1,0.692880345506704,1,0.68896722890662,1
"350","livM",1,0.628459452,1,0.692459927915793,1,0.630723238128255,1,0.628815189569081,1,0.691813131789409,1,0.689614024868612,1
"351","ugpB",1,0.629559005,1,0.690454859986761,1,0.633051704166569,1,0.625645888572487,1,0.690390180384214,1,0.690616558989284,1
"352","ugpA",1,0.631531733,1,0.692815665670044,1,0.631014296383044,1,0.628815189569081,1,0.688579151213618,1,0.69161909304242,1
"353","glgX",1,0.632792986,1,0.688805529890345,1,0.631725772116973,1,0.626260344888153,1,0.693850539665148,1,0.692168869770355,1
"354","glgC",1,0.62878285,1,0.693139063870614,1,0.629397306078659,1,0.627262878876872,1,0.68773831619356,1,0.689258287145621,1
"355","glgP",1,0.628071374,1,0.69013146203871,1,0.629073908017783,1,0.631725772116973,1,0.689581685247852,1,0.691522073571328,1
"356","glpD",1,0.630690898,1,0.692007170646641,1,0.627877335192538,1,0.626551403142943,1,0.692168869771431,1,0.691392714379984,1
"357","glpE",1,0.630302821,1,0.69026082110594,1,0.633148723584832,1,0.628491791508204,1,0.691425054283736,1,0.69275098618675,1
"358","malP",1,0.625904607,1,0.6895816851933,1,0.629882403169975,1,0.6277156361621,1,0.689872743449628,1,0.691166335705412,1
"359","gntT",1,0.634442316,1,0.692848005589647,1,0.630011762394326,1,0.629753043945624,1,0.688352772598415,1,0.690616559002093,1
"360","feoB",1,0.628912209,1,0.69394755897485,1,0.630917276964781,1,0.63065855851608,1,0.690745918192774,1,0.692686306591242,1
"361","cysG",1,0,0,0,0,0,0,0,0,0,0,0,0
"362","nirB",1,0.627618617,1,0.692880345447182,1,0.62309104389156,1,0.63331042261527,1,0.692492267831982,1,0.691360374522684,1
"363","metH",1,0.630658559,1,0.692653966731015,1,0.626810121591644,1,0.630723238128255,1,0.6908429375762,1,0.64784042394692,1
"364","lysC",1,0,0,0,0,0,0,0,0,0,0,0,0
"365","malG",1,0.632178529,1,0.690616558966804,1,0.628297752671678,1,0.629688364333449,1,0.691036976449075,1,0.689711044507555,1
"366","malF",1,0.627747976,1,0.686315364682198,1,0.627101179846433,1,0.627101179846433,1,0.692427588183681,1,0.689775724053152,1
"367","malE",1,0.63033516,1,0.691619092982956,1,0.6298177235578,1,0.630464519679554,1,0.692265889123715,1,0.69372118038275,1
"368","malK",1,0.630981957,1,0.688934889172451,1,0.626842461397732,1,0.62729521868296,1,0.688773190012619,1,0.690907617197482,1
"369","ubiC",1,0,0,0,0,0,0,0,0,0,0,0,0
"370","tyrB",1,0.194988788,1,0.194988788144726,1,0.194988788144726,1,0.194988788144726,1,0.194988788144726,1,0.194988788144726,1
"371","acs",1,0.629203267,1,0.68958168530184,1,0.634636354664866,1,0.634830393501392,1,0.686832801676662,1,0.69003444249201,1
"372","nrfC",1,0.629914743,1,0.688934889138189,1,0.62897688859952,1,0.630432179873466,1,0.690099122055812,1,0.690842937651885,1
"373","phnN",1,0.629623685,1,0.692556947442276,1,0.627262878876872,1,0.628815189569081,1,0.691554413286353,1,0.690196141521383,1
"374","phnL",1,0.629073908,1,0.691748452196334,1,0.628071374029064,1,0.629591344915186,1,0.689872743374802,1,0.689969762858617,1
"375","phnI",1,0.628621151,1,0.690228481429049,1,0.631984490565675,1,0.627812655580363,1,0.689064248402792,1,0.690907617256866,1
"376","phnH",1,0.631240675,1,0.689905083361534,1,0.628491791508204,1,0.632081509983938,1,0.691231015263392,1,0.694367976513417,1
"377","phnG",1,0.632243209,1,0.690357840466751,1,0.630044102200413,1,0.628427111896029,1,0.689258287106831,1,0.689064248376888,1
"378","phnC",1,0.629267947,1,0.688676170620181,1,0.632534267269166,1,0.627942014804713,1,0.691942491161991,1,0.69103697645735,1
"379","melB",1,0.631822792,1,0.688773190038314,1,0.627812655580363,1,0.626325024500329,1,0.690163801633437,1,0.688967228891301,1
"380","dcuB",1,0.625807588,1,0.693365442492566,1,0.629397306078659,1,0.628718170150818,1,0.691295694938377,1,0.690551879389576,1
"381","lysU",1,0.632469588,1,0.691457393869323,1,0.629850063363887,1,0.626648422561206,1,0.690939957026576,1,0.694659034762923,1
"382","cadA",1,0.633633821,1,0.691651432653094,1,0.627327558489047,1,0.62897688859952,1,0.692815665727817,1,0.690357840402921,1
"383","cadB",1,0.631919811,1,0.694173937648204,1,0.629688364333449,1,0.6319198109535,1,0.687317898856406,1,0.688805529790524,1
"384","frdD",1,0.632566607,1,0.690131461919698,1,0.631370034250009,1,0.631693432310886,1,0.691619093042502,1,0.690163801596546,1
"385","frdB",1,0.628944549,1,0.692848005617118,1,0.624934412838558,1,0.628362432283853,1,0.689387646442222,1,0.691392714312283,1
"386","psd",0,0,0,0,0,0,0,0,0,0,0,0,0
"387","hflX",1,0.629753044,1,0.69026082100488,1,0.627036500234258,1,0.62994708278215,1,0.69039018028744,1,0.688417452188117,1
"388","purA",1,0.690681239,1,0.690519539531907,1,0.687511937622544,1,0.6916837725659,1,0.689969762918246,1,0.687576617229458,1
"389","ulaG",1,0.630981957,1,0.689193607501275,1,0.623349762340261,1,0.630529199291729,1,0.689872743472772,1,0.691780791990749,1
"390","ulaA",1,0.630626219,1,0.691586753149869,1,0.628944548793432,1,0.628621150732555,1,0.692621626862393,1,0.69161909304242,1
"391","msrA",1,0.631531733,1,0.689905083290908,1,0.630690898322167,1,0.628588810926467,1,0.690099122101931,1,0.688773190054621,1
"392","ytfT",1,0.626777782,1,0.691004636567435,1,0.633827859512673,1,0.627327558489047,1,0.689258287233502,1,0.689937423001481,1
"393","mgtA",1,0.626292685,1,0.6927186463897,1,0.63318106339092,1,0.628944548793432,1,0.689549345332075,1,0.690390180358474,1
"394","argI",1,0.333288257,1,0.33807540433826,1,0.332733812949716,1,0.333748039162731,1,0.33807540433826,1,0.33807540433826,1
"395","idnT",1,0.631564073,1,0.691328034681526,1,0.632857665330043,1,0.630173461424764,1,0.692815665781763,1,0.690002102647393,1
"396","idnO",1,0.625742908,1,0.693527141636181,1,0.629494325496923,1,0.626971820622083,1,0.690584219103651,1,0.69158675311866,1
"397","idnD",1,0.626907141,1,0.689484665768524,1,0.628653490538643,1,0.632534267269166,1,0.691813131848335,1,0.690228481329063,1
"398","idnK",1,0.631887471,1,0.689387646424926,1,0.626325024500329,1,0.63246958765699,1,0.696502403692234,1,0.691295694910006,1
"399","fecC",1,0.632695966,1,0.691974830796215,1,0.629300286660397,1,0.62742457790731,1,0.688611491032208,1,0.690810597795369,1
"400","fecA",1,0.633019364,1,0.692007170701943,1,0.631887471147412,1,0.6277156361621,1,0.690875277565728,1,0.690939957055237,1
"401","gntP",1,0.632922345,1,0.690551879449002,1,0.631725772116973,1,0.629494325496923,1,0.689969762830575,1,0.689840403655868,1
"402","uxuB",1,0.628103714,1,0.691877811464312,1,0.628782849762993,1,0.624999092450733,1,0.690196141489799,1,0.693009704706486,1
"403","deoC",1,0.79776479,1,0.797764789525519,1,0.797764789525519,1,0.797764789525519,1,0.797764789525519,1,0.797764789525519,1
"404","deoA",1,0.628976889,1,0.686153665873018,1,0.630917276964781,1,0.630561539097816,1,0.690454860108326,1,0.691101656092977,1
"405","deoD",1,0.630723238,1,0.692168869770861,1,0.630464519679554,1,0.630690898322167,1,0.693042044327988,1,0.68735023861453,1
"406","nadR",1,0.631564073,1,0.69029316100417,1,0.62868583034473,1,0.632501927463078,1,0.68812639390847,1,0.694206277328877,1
"407","caiB",1,0.631143656,1,0.691231015200061,1,0.628944548793432,1,0.625257810899435,1,0.693947559095591,1,0.689614024936148,1
"408","folA",0,0,0,0,0,0,0,0,0,0,0,0,0
"409","araD",0,0.63208151,1,0.690131461965903,1,0.627327558489047,1,0.627747975968187,1,0.689452326008616,1,0.693624160980018,1
"410","thiQ",1,0.629235607,1,0.689290626925422,1,0.631758111923061,1,0.629364966272572,1,0.690487199720603,1,0.690745918249152,1
"411","leuC",1,0.218852865,1,0.221960309057585,1,0.218915013617315,1,0.218630904421721,1,0.221960309057585,1,0.221960309057585,1
"412","ilvH",1,0.627650957,1,0.228736903382728,1,0.628297752671678,1,0.631499393474359,1,0.228736903382728,1,0.228736903382728,1
"413","ftsI",0,0,0,0,0,0,0,0,0,0,0,0,0
"414","mraY",0,0,0,0,0,0,0,0,0,0,0,0,0
"415","cueO",1,0.628394772,1,0.693106724162095,1,0.626486723530767,1,0.63023814103694,1,0.695144131904117,1,0.690842937584804,1
"416","hpt",1,0.634506995,1,0.689711044525266,1,0.630593878903904,1,0.632372568238727,1,0.692136529869327,1,0.692589287170885,1
"417","fhuA",1,0.634862733,1,0.692524607482804,1,0.632695966299604,1,0.631855131341324,1,0.68971104452271,1,0.693753520192574,1
"418","fhuB",1,0.63214619,1,0.689387646524994,1,0.628200733253415,1,0.632598946881341,1,0.691457393922539,1,0.69110165609334,1
"419","mhpB",1,0.628200733,1,0.689840403541096,1,0.628103713835152,1,0.629461985690835,1,0.69077825807314,1,0.691133995860083,1
"420","mhpD",1,0.628394772,1,0.69407691827837,1,0.62616332546989,1,0.627036500234258,1,0.692524607589506,1,0.690228481378354,1
"421","mhpF",1,0.629688364,1,0.688805529853447,1,0.630173461424764,1,0.628427111896029,1,0.688773190000521,1,0.68822341335123,1
"422","mhpT",1,0.632695966,1,0.692880345524291,1,0.629009228405607,1,0.634765713889216,1,0.6905518794726,1,0.690907617197482,1
"423","cyoD",1,0.676827691,1,0.676827690865391,1,0.676827690865391,1,0.676827690865391,1,0.676827690865391,1,0.676827690865391,1
"424","cyoA",1,0.676827691,1,0.676827690865391,1,0.676827690865391,1,0.676827690865391,1,0.676827690865391,1,0.676827690865391,1
"425","acrA",1,0.627780316,1,0.69093995705501,1,0.62910624782387,1,0.631952150759587,1,0.693527141596722,1,0.689387646370239,1
"426","glxR",1,0.627424578,1,0.690681238538916,1,0.627521597325573,1,0.631693432310886,1,0.688999568614438,1,0.690357840552906,1
"427","entC",1,0.629914743,1,0.690325500822847,1,0.626389704112504,1,0.628750509956906,1,0.690648898904857,1,0.692168869770355,1
"428","citF",1,0.627942015,1,0.692395248265244,1,0.629559005109098,1,0.632275548820464,1,0.688482131821922,1,0.690357840469712,1
"429","citD",1,0.629364966,1,0.69058421909027,1,0.631693432310886,1,0.629138587629958,1,0.694109258013118,1,0.691651432731046,1
"430","lipA",1,0.631014296,1,0.691036976528553,1,0.629267946854309,1,0.625807587602926,1,0.693882879513179,1,0.692524607524149,1
"431","gltJ",1,0.629882403,1,0.692686306693579,1,0.629882403169975,1,0.630464519679554,1,0.687479597738682,1,0.691748452066534,1
"432","kdpA",1,0.627812656,1,0.688773189932235,1,0.631661092504798,1,0.630399840067378,1,0.690616558968078,1,0.691101656171745,1
"433","gpmA",1,0.663303031,1,0.663303031485425,1,0.663303031485425,1,0.663303031485425,1,0.663303031485425,1,0.663303031485425,1
"434","galT",1,0.629332626,1,0.692945025006096,1,0.628491791508204,1,0.6298177235578,1,0.690875277556339,1,0.688191073583621,1
"435","galE",1,0.631661093,1,0.692071850182563,1,0.630141121618676,1,0.628168393447327,1,0.693656500917006,1,0.692945024992215,1
"436","glnH",1,0.629947083,1,0.68893488907831,1,0.627812655580363,1,0.6298177235578,1,0.689614024871373,1,0.690778258106288,1
"437","potI",1,0.628265413,1,0.692492267850019,1,0.631822791535236,1,0.628071374029064,1,0.690002102675231,1,0.691651432663345,1
"438","artJ",1,0.629559005,1,0.692718646326282,1,0.627942014804713,1,0.630270480843027,1,0.692589287238585,1,0.691457393960463,1
"439","artQ",1,0.633924879,1,0.692071850233703,1,0.629623684721273,1,0.62897688859952,1,0.687447258050386,1,0.689937423073794,1
"440","artI",1,0.629494325,1,0.693818199820696,1,0.63289000513613,1,0.627553937131661,1,0.690875277509185,1,0.690454859971278,1
"441","dmsB",1,0.627456918,1,0.691231015178642,1,0.631499393474359,1,0.626357364306417,1,0.688579151203323,1,0.69103697645735,1
"442","focA",1,0.628039034,1,0.688934889176649,1,0.629267946854309,1,0.628847529375169,1,0.689937423001522,1,0.691489733766371,1
"443","ompA",1,0.598146739,1,0.598146739480054,1,0.598146739480054,1,0.598146739480054,1,0.598146739480054,1,0.598146739480054,1
"444","putA",1,0.626777782,1,0.690260821101202,1,0.62784499538645,1,0.63078791774043,1,0.689419986131133,1,0.691748452215195,1
"445","pyrC",1,0.631078976,1,0.692104190061025,1,0.631887471147412,1,0.629656024527361,1,0.69148973371551,1,0.69165143279644,1
"446","narH",1,0.630529199,1,0.69452967548036,1,0.626001626439452,1,0.62658374294903,1,0.687608957026636,1,0.689484665845409,1
"447","adhE",1,0.627974355,1,0.691651432730922,1,0.630011762394326,1,0.628782849762993,1,0.691133995859668,1,0.691263355120033,1
"448","trpE",1,0.630561539,1,0.692621626972839,1,0.627198199264696,1,0.628815189569081,1,0.69178079201274,1,0.691036976389814,1
"449","tehB",1,0.629526665,1,0.689096588137003,1,0.6298177235578,1,0.632307888626552,1,0.690002102637224,1,0.692686306641609,1
"450","fdnG",1,0.632760646,1,0.692427588160088,1,0.627780315774275,1,0.627521597325573,1,0.690875277537847,1,0.688191073545076,1
"451","fdnH",1,0.627780316,1,0.693074384295405,1,0.626357364306417,1,0.628750509956906,1,0.69443265600903,1,0.693721180386045,1
"452","uxaB",1,0.632372568,1,0.688934889157873,1,0.628750509956906,1,0.62952666530301,1,0.693721180360183,1,0.690842937651885,1
"453","uidB",1,0.629009228,1,0.691231015237327,1,0.630529199291729,1,0.63107897599522,1,0.690842937700933,1,0.689064248376888,1
"454","uidA",1,0.629397306,1,0.691974830796265,1,0.63289000513613,1,0.627036500234258,1,0.694076918259592,1,0.691295694977087,1
"455","chbG",1,0.63211385,1,0.687867675581829,1,0.630173461424764,1,0.631305354637833,1,0.690745918240795,1,0.68990508331302,1
"456","astB",1,0.628297753,1,0.688740850315591,1,0.627165859458609,1,0.628815189569081,1,0.689678704631681,1,0.693785859998189,1
"457","yeaE",1,0.628847529,1,0.691198675570648,1,0.627618616743836,1,0.631175995413483,1,0.693300762914849,1,0.691619092988963,1
"458","edd",1,0.629267947,1,0.688934889201153,1,0.629138587629958,1,0.626066306051627,1,0.692718646286539,1,0.692007170663398,1
"459","znuB",1,0.630593879,1,0.689581685324532,1,0.633213403197007,1,0.627650956549924,1,0.690487199737738,1,0.690616558989449,1
"460","fbaB",1,0.630884937,1,0.691069316295916,1,0.630884937158693,1,0.632081509983938,1,0.687835335633931,1,0.691360374541626,1
"461","yehX",1,0.629364966,1,0.689517005490795,1,0.627456917713398,1,0.627780315774275,1,0.689387646442222,1,0.68996976285864,1
"462","cirA",1,0.62878285,1,0.692362908604278,1,0.630108781812589,1,0.629656024527361,1,0.693527141588696,1,0.693203743511952,1
"463","ccmE",1,0.631337694,1,0.692945024909765,1,0.628103713835152,1,0.630108781812589,1,0.691586753116595,1,0.693559481366061,1
"464","ccmA",1,0.632857665,1,0.692912685303919,1,0.63078791774043,1,0.629753043945624,1,0.691231015344764,1,0.69064889877806,1
"465","napA",1,0.625581209,1,0.687544277472473,1,0.629235607048221,1,0.627230539070784,1,0.688805529800859,1,0.691683772588017,1
"466","atoE",1,0.633860199,1,0.692104190113159,1,0.631499393474359,1,0.626228005082066,1,0.690584219106209,1,0.691295694977083,1
"467","atoB",1,0.792000213,1,0.79200021342289,1,0.79200021342289,1,0.79200021342289,1,0.79200021342289,1,0.79200021342289,1
"468","glpQ",1,0.62878285,1,0.690066782228119,1,0.630496859485641,1,0.627489257519486,1,0.68961402496333,1,0.692427588054337,1
"469","glpA",1,0.631111316,1,0.690713578392472,1,0.631014296383044,1,0.632404908044815,1,0.692492267786234,1,0.688255753062588,1
"470","nuoI",1,0.644382756,1,0.644382756060937,1,0.644382756060937,1,0.644382756060937,1,0.644382756060937,1,0.644382756060937,1
"471","nuoG",1,0.758796405,1,0.758796404625173,1,0.758796404625173,1,0.758796404625173,1,0.758796404625173,1,0.758796404625173,1
"472","purF",1,0,0,0,0,0,0,0,0,0,0,0,0
"473","xapB",1,0.630852597,1,0.68883786977425,1,0.62910624782387,1,0.633666160482235,1,0.688902549291181,1,0.690616558921748,1
"474","cysK",1,0.627327558,1,0.69071357845556,1,0.632372568238727,1,0.629138587629958,1,0.689452325987983,1,0.691004636533134,1
"475","cysA",1,0.627877335,1,0,0,0.627553937131661,1,0.626551403142943,1,0,0,0,0
"476","maeB",1,0.625775248,1,0.688837869768441,1,0.631111315801307,1,0.630723238128255,1,0.689937422919493,1,0.692492267836258,1
"477","hyfH",1,0.628879869,1,0.688385112341729,1,0.629785383751712,1,0.626842461397732,1,0.692265889192157,1,0.691522073640143,1
"478","focB",1,0.629591345,1,0.6885468112999,1,0.630529199291729,1,0.629785383751712,1,0.691101656171663,1,0.692589287173318,1
"479","pbpC",1,0,0,0,0,0,0,0,0,0,0,0,0
"480","iscA",1,0,0,0,0,0,0,0,0,0,0,0,0
"481","iscS",1,0,0,0,0,0,0,0,0,0,0,0,0
"482","hcaC",1,0.626939481,1,0.690584219160151,1,0.629494325496923,1,0.631175995413483,1,0.688999568654795,1,0.690778258106288,1
"483","glyA",1,0.62710118,1,0.692653966740037,1,0.628103713835152,1,0.629073908017783,1,0.690131461955608,1,0.692718646263156,1
"484","nadB",1,0,0,0,0,0,0,0,0,0,0,0,0
"485","nrdE",1,0.629526665,1,0.691910151324457,1,0.62574290799075,1,0.628362432283853,1,0.689452325988314,1,0.689872743456339,1
"486","norW",1,0.630302821,1,0.692395248270046,1,0.628168393447327,1,0.624837393420295,1,0.692362908659498,1,0.692265889173087,1
"487","hycE",1,0.630141122,1,0.691328034595047,1,0.63162875269871,1,0.624384636135067,1,0.690325500858756,1,0.694173937707952,1
"488","hypB",1,0.631273015,1,0.690131461989955,1,0.626001626439452,1,0.634118917767463,1,0.690357840531361,1,0.692492267755184,1
"489","cysC",1,0.628136054,1,0.688837869655359,1,0.629494325496923,1,0.629559005109098,1,0.689290626839682,1,0.692686306570968,1
"490","cysH",1,0.631046636,1,0.687867675435762,1,0.630981956576956,1,0.62687480120382,1,0.689096588095823,1,0.691328034595366,1
"491","fucO",1,0.626066306,1,0.688191073583729,1,0.629688364333449,1,0.630076442006501,1,0.68954934534966,1,0.691942491049024,1
"492","fucA",1,0.626971821,1,0.69148973378303,1,0.629850063363887,1,0.62742457790731,1,0.691004636683893,1,0.689290626952476,1
"493","fldB",1,0,0,0,0,0,0,0,0,0,0,0,0
"494","speB",1,0.629073908,1,0.691166335664304,1,0.626680762367293,1,0.630593878903904,1,0.688708510454442,1,0.690648898846585,1
"495","glcF",1,0.629397306,1,0.690357840487255,1,0.627618616743836,1,0.634409976022252,1,0.689225947320605,1,0.69136037454175,1
"496","pitB",1,0.626130986,1,0.693591821162378,1,0.629688364333449,1,0.627618616743836,1,0.691554413262386,1,0.694464995926033,1
"497","hybA",1,0.627683296,1,0.691166335725542,1,0.63036750026129,1,0.631014296383044,1,0.692104190133382,1,0.689937423001481,1
"498","hybO",1,0.630852597,1,0.689225947363515,1,0.631855131341324,1,0.63078791774043,1,0.692136529875871,1,0.689452325987819,1
"499","bacA",1,0,0,0,0,0,0,0,0,0,0,0,0
"500","uxaC",1,0.63039984,1,0.692201209439708,1,0.630076442006501,1,0.629753043945624,1,0.688417452270849,1,0.689743384196016,1
"501","mdh",1,0.628394772,1,0.688029374399657,1,0.630496859485641,1,0.628427111896029,1,0.693462461863096,1,0.69307438426451,1
"502","ppc",1,0.794481182,1,0.794481182426812,1,0.794481182426812,1,0.794481182426812,1,0.794481182426812,1,0.794481182426812,1
"503","rhaT",1,0.632663626,1,0.687608956958029,1,0.628718170150818,1,0.63360148087006,1,0.689290626837131,1,0.689128927922485,1
"504","dsbA",1,0.630658559,1,0.691780791996515,1,0.629720704139537,1,0.632792985717867,1,0.692136529888099,1,0.690745918249152,1
"505","udp",1,0.631919811,1,0.687317898840593,1,0.628524131314292,1,0.63107897599522,1,0.689581685330914,1,0.692945024922942,1
"506","trxA",1,0.629364966,1,0.695273491045751,1,0.628233073059503,1,0.62813605364124,1,0.690681238535387,1,0.690972296912259,1
"507","ilvD",1,0.225589484,1,0.228736903382728,1,0.225534586735394,1,0.225671828877408,1,0.228736903382728,1,0.228736903382728,1
"508","tnaB",1,0.628621151,1,0.689517005617094,1,0.63318106339092,1,0.628944548793432,1,0.688902549297276,1,0.692265889173543,1
"509","lyxK",1,0.629397306,1,0.691004636583664,1,0.627812655580363,1,0.627909674998626,1,0.692168869828875,1,0.688740850311555,1
"510","xylG",1,0.62875051,1,0.691813131862222,1,0.629753043945624,1,0.627392238101223,1,0.691328034593938,1,0.689581685247687,1
"511","xylF",1,0.630690898,1,0.692556947356621,1,0.631273014831746,1,0.630141121618676,1,0.691198675495288,1,0.689581685247687,1
"512","dppA",1,0.627262879,1,0.691069316286813,1,0.62897688859952,1,0.627812655580363,1,0.691877811429144,1,0.690293160923951,1
"513","arsC",1,0.631855131,1,0.693494801704501,1,0.626680762367293,1,0.628782849762993,1,0.689549345402331,1,0.690034442572889,1
"514","ugpQ",1,0.631111316,1,0.691619092980941,1,0.629300286660397,1,0.630820257546518,1,0.692848005669626,1,0.688708510454584,1
"515","malQ",1,0.624578675,1,0.691231015218011,1,0.628039034222977,1,0.626130985663803,1,0.691974830865315,1,0.692265889173087,1
"516","nirC",1,0.630723238,1,0.694012238567557,1,0.62910624782387,1,0.630141121618676,1,0.69035784049755,1,0.692039510510486,1
"517","pgi",1,0.808495152,1,0.808495152192279,1,0.808495152192279,1,0.808495152192279,1,0.808495152192279,1,0.808495152192279,1
"518","nrfA",1,0.629526665,1,0.689387646515608,1,0.633148723584832,1,0.635865267296198,1,0.692233549264849,1,0.689096588065349,1
"519","nrfB",1,0.631564073,1,0.691198675634894,1,0.633504461451796,1,0.628330092477766,1,0.692945025043279,1,0.689937423001481,1
"520","phnJ",1,0.63208151,1,0.688934889055993,1,0.626680762367293,1,0.62742457790731,1,0.691845471723267,1,0.691198675574354,1
"521","phnD",1,0.633019364,1,0.691133995900938,1,0.632825325523955,1,0.626001626439452,1,0.687900015243399,1,0.691651432730881,1
"522","adiC",1,0.629203267,1,0.689646364778007,1,0.626842461397732,1,0.626648422561206,1,0.692395248332969,1,0.68925828714595,1
"523","adiA",1,0.63211385,1,0.692233549314431,1,0.629656024527361,1,0.630593878903904,1,0.6885468113697,1,0.692492267755101,1
"524","fumB",1,0.630108782,1,0.689193607401948,1,0.631143655607395,1,0.63023814103694,1,0.691069316319922,1,0.690228481378354,1
"525","dcuA",1,0.629203267,1,0.68883786974229,1,0.630335160455203,1,0.629494325496923,1,0.691069316262846,1,0.691133995898957,1
"526","ulaB",1,0.628847529,1,0.692977364849458,1,0.626519063336855,1,0.628718170150818,1,0.691845471639341,1,0.693106724109219,1
"527","ulaF",1,0.631984491,1,0.69284800560546,1,0.626260344888153,1,0.633148723584832,1,0.685280490995333,1,0.688643830908822,1
"528","ytfE",1,0.628039034,1,0.69087527758924,1,0.627618616743836,1,0.627747975968187,1,0.69035784041173,1,0.693236083294633,1
"529","mpl",1,0.627489258,1,0.692589287319096,1,0.631402374056096,1,0.626745441979469,1,0.691813131832693,1,0.690293160939929,1
"530","treC",1,0.631499393,1,0.689937423040151,1,0.62855647112038,1,0.631952150759587,1,0.689193607495179,1,0.690487199777595,1
"531","fecE",1,0.628394772,1,0.687576617329527,1,0.630755577934343,1,0.631240675025658,1,0.690293160851351,1,0.689775723986525,1
"532","uxuA",1,0.629979423,1,0.692912685287738,1,0.632792985717867,1,0.628782849762993,1,0.68922594733399,1,0.693527141577285,1
"533","fhuF",1,0.628556471,1,0.690454860103137,1,0.62868583034473,1,0.630723238128255,1,0.691166335687447,1,0.6899374229344,1
"534","deoB",1,0.797324299,1,0.797324298982003,1,0.797324298982003,1,0.797324298982003,1,0.797324298982003,1,0.797324298982003,1
"535","murD",0,0,0,0,0,0,0,0,0,0,0,0,0
"536","ftsW",0,0,0,0,0,0,0,0,0,0,0,0,0
"537","fhuD",1,0.629170927,1,0.691295694903582,1,0.62813605364124,1,0.631790451729149,1,0.691295694904115,1,0.689128927921951,1
"538","dapD",0,0,0,0,0,0,0,0,0,0,0,0,0
"539","lpxD",0,0,0,0,0,0,0,0,0,0,0,0,0
"540","lpxA",0,0,0,0,0,0,0,0,0,0,0,0,0
"541","metI",1,0.797772395,1,0.79777239473458,1,0.79777239473458,1,0.79777239473458,1,0.79777239473458,1,0.79777239473458,1
"542","fadE",1,0.792000213,1,0.792000213422859,1,0.792000213422859,1,0.792000213422859,1,0.792000213422859,1,0.792000213422859,1
"543","phoE",1,0.808495152,1,0.808495152192279,1,0.808495152192279,1,0.808495152192279,1,0.808495152192279,1,0.808495152192279,1
"544","prpD",1,0.628233073,1,0.690454860094203,1,0.62784499538645,1,0.628718170150818,1,0.69074591821036,1,0.690842937584804,1
"545","cynX",1,0.62875051,1,0.689614024870384,1,0.631693432310886,1,0.626745441979469,1,0.691166335721709,1,0.689419986130683,1
"546","cyoE",1,0.628297753,1,0.691360374603814,1,0.629720704139537,1,0.63204917017785,1,0.68883786968571,1,0.691295694977087,1
"547","hemH",0,0,0,0,0,0,0,0,0,0,0,0,0
"548","allA",1,0.631790452,1,0.689161267737824,1,0.627456917713398,1,0.625225471093347,1,0.69504711250122,1,0.693785859861268,1
"549","entF",1,0.628394772,1,0.693042044479083,1,0.630432179873466,1,0.627359898295135,1,0.691166335719524,1,0.69064889880862,1
"550","entB",1,0.632663626,1,0.69323608337659,1,0.627650956549924,1,0.630723238128255,1,0.692298228862004,1,0.691910151182968,1
"551","dsbG",1,0.631628753,1,0.690745918258299,1,0.628815189569081,1,0.628071374029064,1,0.691036976422473,1,0.693236083369087,1
"552","gltK",1,0.627521597,1,0.691328034646522,1,0.628427111896029,1,0.62658374294903,1,0.690551879422026,1,0.690357840470053,1
"553","gltA",1,0.274812313,1,0.27901993318409,1,0.274700704618416,1,0.275080171727539,1,0.27901993318409,1,0.27901993318409,1
"554","sdhB",1,0.630173461,1,0.689905083282794,1,0.62868583034473,1,0.626389704112504,1,0.691651432672317,1,0.693171403655437,1
"555","moaA",1,0.628330092,1,0.692136529989979,1,0.627262878876872,1,0.632275548820464,1,0.69148973375797,1,0.69236290857582,1
"556","moaD",1,0.632210869,1,0.691069316301395,1,0.632954684748306,1,0.631273014831746,1,0.689290626921139,1,0.690260821066815,1
"557","fiu",1,0.627295219,1,0.691489733802445,1,0.6277156361621,1,0.629203267242133,1,0.689161267713487,1,0.694141597850816,1
"558","potG",1,0.63201683,1,0.691748452063113,1,0.627392238101223,1,0.629494325496923,1,0.691489733730006,1,0.690681238467345,1
"559","cydD",1,0.627198199,1,0.688449791874394,1,0.629753043945624,1,0.632954684748306,1,0.689419986191218,1,0.690325500747279,1
"560","pflB",1,0.631370034,1,0.691554413352324,1,0.630917276964781,1,0.628427111896029,1,0.690875277553248,1,0.690713578420765,1
"561","serC",1,0.632534267,1,0,0,0.629138587629958,1,0.630044102200413,1,0,0,0,0
"562","aroA",1,0,0,0,0,0,0,0,0,0,0,0,0
"563","ssuA",1,0.628330092,1,0.689355306631952,1,0.630917276964781,1,0.628491791508204,1,0.690163801628667,1,0.689484665844954,1
"564","ndh",1,0.626519063,1,0.694917753241434,1,0.630690898322167,1,0.626195665275978,1,0.690616558989449,1,0.693009704652252,1
"565","hemA",0,0,0,0,0,0,0,0,0,0,0,0,0
"566","narK",1,0.62700416,1,0.689419986170713,1,0.628427111896029,1,0.629591344915186,1,0.692104189980191,1,0.691263355119951,1
"567","oppC",1,0.629947083,1,0.689064248377337,1,0.62952666530301,1,0.630820257546518,1,0.690810597871965,1,0.690422520116283,1
"568","oppD",1,0.631434714,1,0.690875277509185,1,0.63107897599522,1,0.62910624782387,1,0.689678704669405,1,0.689969762791081,1
"569","tonB",1,0.629526665,1,0.694044578485933,1,0.629494325496923,1,0.630044102200413,1,0.68967870466166,1,0.692298228918212,1
"570","ribA",0,0,0,0,0,0,0,0,0,0,0,0,0
"571","puuD",1,0.629009228,1,0.694206277329829,1,0.629623684721273,1,0.631337694443921,1,0.689387646455195,1,0.693203743444416,1
"572","paaD",1,0.626616083,1,0.691457393961534,1,0.628168393447327,1,0.627586276937749,1,0.690260821089342,1,0.688773190000016,1
"573","tam",1,0.628621151,1,0.689419986149299,1,0.631014296383044,1,0.62910624782387,1,0.692977364878716,1,0.69006678226135,1
"574","ynfE",1,0.631822792,1,0.689969762872042,1,0.631596412892623,1,0.628168393447327,1,0.689322966798411,1,0.690778258106288,1
"575","sodB",1,0.629106248,1,0.691974830796297,1,0.63289000513613,1,0.62952666530301,1,0.692653966799172,1,0.690875277441485,1
"576","sufC",1,0.632857665,1,0.68890254919334,1,0.626810121591644,1,0.630593878903904,1,0.692750986201081,1,0.689678704625507,1
"577","katE",1,0.628491792,1,0.692136529853095,1,0.623026364279384,1,0.629170927436046,1,0.69191015117036,1,0.690778258038917,1
"578","chbF",1,0.631111316,1,0.691780792047002,1,0.633084043972656,1,0.628588810926467,1,0.693074384335395,1,0.690260821066815,1
"579","chbC",1,0.629106248,1,0.691295694893738,1,0.631887471147412,1,0.628168393447327,1,0.689743384176006,1,0.689258287182353,1
"580","astE",1,0.631693432,1,0.692039510461855,1,0.626810121591644,1,0.628718170150818,1,0.692653966746131,1,0.691974830857491,1
"581","sdaA",1,0.629235607,1,0.689743384242797,1,0.632178529402201,1,0.63246958765699,1,0.689937423052545,1,0.691748452133835,1
"582","manX",1,0.789593143,1,0.789593142802671,1,0.789593142802671,1,0.789593142802671,1,0.789593142802671,1,0.789593142802671,1
"583","znuC",1,0.629397306,1,0.688546811383456,1,0.629494325496923,1,0.62813605364124,1,0.689678704717049,1,0.689549345390716,1
"584","araF",1,0.629397306,1,0.692524607520981,1,0.628782849762993,1,0.634830393501392,1,0.690551879389494,1,0.693236083369595,1
"585","gnd",1,0.628944549,1,0.693300762964557,1,0.628168393447327,1,0.628362432283853,1,0.689387646376004,1,0.692945025040441,1
"586","wbbK",1,0.630884937,1,0.689355306525334,1,0.631596412892623,1,0.629882403169975,1,0.691683772609189,1,0.690228481378354,1
"587","cdd",1,0.631240675,1,0.689387646392436,1,0.632178529402201,1,0.630270480843027,1,0.690842937584184,1,0.692362908542052,1
"588","mglC",1,0.627683296,1,0.693494801728019,1,0.624740374002032,1,0.628330092477766,1,0.691425054162627,1,0.689517005594653,1
"589","fruK",1,0.630173461,1,0.690357840403415,1,0.625160791481172,1,0.634118917767463,1,0.689484665796691,1,0.693850539642618,1
"590","ubiG",1,0.62875051,1,0.690260821001503,1,0.6298177235578,1,0.629979422588238,1,0.690875277489627,1,0.693203743511952,1
"591","nuoE",1,0.644382756,1,0.644382756060937,1,0.644382756060937,1,0.644382756060937,1,0.644382756060937,1,0.644382756060937,1
"592","fabB",0,0,0,0,0,0,0,0,0,0,0,0,0
"593","dsdA",1,0.628103714,1,0.69258928718851,1,0.631305354637833,1,0.632437247850903,1,0.687414918239043,1,0.689969762791081,1
"594","glk",1,0.628621151,1,0.693688840485917,1,0.6298177235578,1,0.621571073005438,1,0.690131461975621,1,0.689355306585251,1
"595","ptsI",1,0.789593143,1,0.789593142802619,1,0.789593142802619,1,0.789593142802619,1,0.789593142802619,1,0.789593142802619,1
"596","cysW",1,0.632857665,1,0,0,0.628879869181256,1,0.626422043918592,1,0,0,0,0
"597","cysP",1,0.629947083,1,0,0,0.629332626466484,1,0.628524131314292,1,0,0,0,0
"598","amiA",1,0.630690898,1,0.689452325985473,1,0.627553937131661,1,0.63318106339092,1,0.689969762838689,1,0.68877318993248,1
"599","hemF",1,0.630884937,1,0.690293160959244,1,0.629332626466484,1,0.628815189569081,1,0.693430122185424,1,0.690422520116283,1
"600","hyfA",1,0.631305355,1,0.69271864628946,1,0.630044102200413,1,0.632631286687429,1,0.692848005573467,1,0.689128927922485,1
"601","hyfF",1,0.626745442,1,0.69110165617603,1,0.629914742976063,1,0.62687480120382,1,0.689355306582822,1,0.692298228861548,1
"602","uraA",1,0.629914743,1,0.689905083269949,1,0.629138587629958,1,0.628847529375169,1,0.693203743497501,1,0.694335636589203,1
"603","aroF",1,0.629429646,1,0.688288092972434,1,0.629235607048221,1,0.629882403169975,1,0.691392714366724,1,0.693042044394947,1
"604","gabD",1,0.629138588,1,0.68857915122766,1,0.630561539097816,1,0.631531733280447,1,0.691619093075156,1,0.691780792020811,1
"605","gabP",1,0.630076442,1,0.695758588177877,1,0.624999092450733,1,0.625872267215101,1,0.692912685362103,1,0.692718646397771,1
"606","srlA",1,0.629203267,1,0.689225947321511,1,0.629397306078659,1,0.627974354610801,1,0.690066782232853,1,0.692395248264281,1
"607","srlD",1,0.63201683,1,0.693882879424514,1,0.62897688859952,1,0.631370034250009,1,0.690325500699467,1,0.688320432843489,1
"608","gcvH",1,0.631175995,1,0.689711044510685,1,0.628815189569081,1,0.631337694443921,1,0.691457393862657,1,0.688708510442314,1
"609","argO",1,0.629979423,1,0.691683772505491,1,0.633084043972656,1,0.627650956549924,1,0.692007170615838,1,0.689387646374768,1
"610","ansB",1,0.631434714,1,0.689969762936201,1,0.629979422588238,1,0.630917276964781,1,0.688934889142018,1,0.691425054154682,1
"611","metC",1,0.629914743,1,0.649726140431956,1,0.631467053668272,1,0.632016830371763,1,0.649726140431956,1,0.649726140431956,1
"612","dkgA",1,0.634668694,1,0.69171611246459,1,0.63331042261527,1,0.629979422588238,1,0.688029374466781,1,0.688514471605222,1
"613","tolC",1,0.630496859,1,0.693300762898586,1,0.63107897599522,1,0.630917276964781,1,0.691133995827303,1,0.689678704625462,1
"614","tdcE",1,0.63039984,1,0.689549345373173,1,0.628653490538643,1,0.632987024554393,1,0.691295695034163,1,0.692718646398227,1
"615","garK",1,0.629235607,1,0.692395248278611,1,0.629656024527361,1,0.629300286660397,1,0.693009704706486,1,0.689517005465879,1
"616","metB",1,0.626971821,1,0.649726140431956,1,0.631531733280447,1,0.630205801230852,1,0.649726140431956,1,0.649726140431956,1
"617","glpK",1,0.626713102,1,0.689355306591306,1,0.629656024527361,1,0.629559005109098,1,0.687414918182708,1,0.693236083294633,1
"618","cyaA",1,0.686671103,1,0.691295694990061,1,0.689614024956863,1,0.690196141550499,1,0.689031908567893,1,0.691101656104086,1
"619","ilvA",1,0.628621151,1,0.344199718444708,1,0.630496859485641,1,0.627877335192538,1,0.344199718444708,1,0.344199718444708,1
"620","rbsK",1,0.63544485,1,0.691069316347595,1,0.62826541286559,1,0.632954684748306,1,0.690842937652505,1,0.691522073573063,1
"621","pstS",1,0.631822792,1,0.69352714156419,1,0.629041568211695,1,0.629623684721273,1,0.687802995733855,1,0.689096588115879,1
"622","pstC",1,0.629526665,1,0.68990508324981,1,0.63078791774043,1,0.628847529375169,1,0.690745918169604,1,0.688805529861065,1
"623","uhpT",1,0.629947083,1,0.690551879527366,1,0.627812655580363,1,0.629138587629958,1,0.6886114909872,1,0.690875277509021,1
"624","sgbU",1,0.629138588,1,0.693171403587317,1,0.626195665275978,1,0.626971820622083,1,0.690745918261385,1,0.690551879443687,1
"625","yiaO",1,0.635283151,1,0.690778258046538,1,0.631014296383044,1,0.629882403169975,1,0.690875277495557,1,0.692880345446618,1
"626","xylH",1,0.62868583,1,0.689419986157041,1,0.630755577934343,1,0.631467053668272,1,0.68832043285955,1,0.689581685247687,1
"627","livK",1,0.631952151,1,0.690939957069321,1,0.630108781812589,1,0.632954684748306,1,0.688805529820089,1,0.689322966758259,1
"628","gntK",1,0.632437248,1,0.69042252018387,1,0.630432179873466,1,0.631370034250009,1,0.692201209388315,1,0.690584219065067,1
"629","lamB",1,0.627974355,1,0.693300762935402,1,0.630141121618676,1,0.630593878903904,1,0.689775724121801,1,0.689808063849341,1
"630","actP",1,0.627683296,1,0.690778258081623,1,0.630690898322167,1,0.629753043945624,1,0.692945025040358,1,0.689064248309807,1
"631","fdhF",1,0.633439782,1,0.688676170668114,1,0.62700416042817,1,0.634701034277041,1,0.698604491000939,1,0.690196141521218,1
"632","phnM",1,0.630173461,1,0.690551879385211,1,0.629850063363887,1,0.62897688859952,1,0.689355306610166,1,0.688837869714288,1
"633","aspA",1,0.630205801,1,0.69081059785619,1,0.630302820649115,1,0.630141121618676,1,0.687576617232753,1,0.690842937644143,1
"634","frdC",1,0.629526665,1,0.68835277245033,1,0.628621150732555,1,0.628847529375169,1,0.69006678226135,1,0.689031908452217,1
"635","frdA",1,0.630011762,1,0.688061714372263,1,0.629203267242133,1,0.629591344915186,1,0.689484665845037,1,0.691166335649683,1
"636","nrdG",1,0.630917277,1,0.689840403598749,1,0.627230539070784,1,0.628006694416889,1,0.694497335820972,1,0.689905083245484,1
"637","fecB",1,0.629429646,1,0.690681238564162,1,0.632987024554393,1,0.631564073086535,1,0.692201209497487,1,0.691004636600834,1
"638","pdxA",1,0.628588811,1,0.691845471687643,1,0.628847529375169,1,0.628815189569081,1,0.69061655895696,1,0.69071357842031,1
"639","araB",0,0.629429646,1,0.691845471774122,1,0.626130985663803,1,0.630917276964781,1,0.689290626816541,1,0.693494801720149,1
"640","setA",1,0.63201683,1,0.687608956964041,1,0.628362432283853,1,0.623673160401138,1,0.688514471649119,1,0.694076918305677,1
"641","ilvI",1,0.626777782,1,0.228736903382728,1,0.628071374029064,1,0.632404908044815,1,0.228736903382728,1,0.228736903382728,1
"642","murE",0,0,0,0,0,0,0,0,0,0,0,0,0
"643","murF",0,0,0,0,0,0,0,0,0,0,0,0,0
"644","aroP",1,0.78652406,1,0.786524059797229,1,0.786524059797229,1,0.786524059797229,1,0.786524059797229,1,0.786524059797229,1
"645","aceF",1,0.760789563,1,0.760789563265968,1,0.760789563265968,1,0.760789563265968,1,0.760789563265968,1,0.760789563265968,1
"646","acnB",1,0.627877335,1,0.690163801603876,1,0.628879869181256,1,0.626486723530767,1,0.27901993318409,1,0.27901993318409,1
"647","hemL",0,0,0,0,0,0,0,0,0,0,0,0,0
"648","argF",1,0.333234165,1,0.33807540433826,1,0.33347757883926,1,0.333058365337881,1,0.33807540433826,1,0.33807540433826,1
"649","betA",1,0.628847529,1,0.689905083237413,1,0.629332626466484,1,0.630270480843027,1,0.690357840433022,1,0.688805529857152,1
"650","betT",1,0.627327558,1,0.692039510565465,1,0.626680762367293,1,0.630852597352606,1,0.691101656166186,1,0.688546811412034,1
"651","prpB",1,0.628265413,1,0.692848005639722,1,0.629170927436046,1,0.629785383751712,1,0.690066782300471,1,0.690907617130401,1
"652","codB",1,0.627877335,1,0.691425054237063,1,0.627683296356012,1,0.62994708278215,1,0.692492267877363,1,0.688255753129217,1
"653","codA",1,0.628136054,1,0.68987274341454,1,0.633439781839621,1,0.629267946854309,1,0.688740850311555,1,0.691231015195735,1
"654","cynS",1,0.627165859,1,0.689096588133998,1,0.627942014804713,1,0.632404908044815,1,0.692556947306216,1,0.689678704650419,1
"655","lacZ",0,0.626519063,1,0.695144131904117,1,0.631305354637833,1,0.631952150759587,1,0.690713578438797,1,0.693818199785935,1
"656","mhpA",1,0.63046452,1,0.691101656192338,1,0.627747975968187,1,0.627198199264696,1,0.689937423068566,1,0.68835277253195,1
"657","mhpE",1,0.628847529,1,0.693462461885461,1,0.62826541286559,1,0.62616332546989,1,0.689937423079974,1,0.688288092986353,1
"658","tauC",1,0.63211385,1,0.693688840551887,1,0.631175995413483,1,0.627747975968187,1,0.687900015220997,1,0.692686306641153,1
"659","phoA",1,0.808495152,1,0.808495152192279,1,0.808495152192279,1,0.808495152192279,1,0.808495152192279,1,0.808495152192279,1
"660","cyoC",1,0.676827691,1,0.676827690865391,1,0.676827690865391,1,0.676827690865391,1,0.676827690865391,1,0.676827690865391,1
"661","acrB",1,0.628847529,1,0.687317898733524,1,0.630432179873466,1,0.630690898322167,1,0.692298228873243,1,0.692556947366789,1
"662","allB",1,0.625807588,1,0.689128927923393,1,0.629559005109098,1,0.628491791508204,1,0.691231015336775,1,0.689484665788455,1
"663","cusC",1,0.628297753,1,0.688708510487528,1,0.624546335165506,1,0.627812655580363,1,0.690778258175844,1,0.692233549315951,1
"664","ybdG",1,0.6303675,1,0.689484665924353,1,0.627747975968187,1,0.630884937158693,1,0.690390180285338,1,0.689711044507555,1
"665","entD",0,0.63366616,1,0.687317898790803,1,0.62868583034473,1,0.62826541286559,1,0.690422520221211,1,0.690616559002548,1
"666","fepA",1,0.629138588,1,0.693559481460245,1,0.6256135487664,1,0.62574290799075,1,0.688967229002695,1,0.692395248264759,1
"667","fes",1,0.62878285,1,0.688902549260446,1,0.629138587629958,1,0.62813605364124,1,0.689937423011078,1,0.690196141521838,1
"668","entA",1,0.628200733,1,0.690551879375908,1,0.628782849762993,1,0.629170927436046,1,0.691263355120406,1,0.688288092918817,1
"669","gltL",1,0.628491792,1,0.693656500888308,1,0.630529199291729,1,0.629235607048221,1,0.689452325987819,1,0.687447258050726,1
"670","gltI",1,0.634668694,1,0.690454860061215,1,0.630270480843027,1,0.629235607048221,1,0.69242758813958,1,0.690939957055124,1
"671","nagA",1,0.630205801,1,0.692427588078431,1,0.633051704166569,1,0.630464519679554,1,0.69142505429749,1,0.691554413261524,1
"672","nagE",1,0.634830394,1,0.691554413266301,1,0.628912208987344,1,0.628459451702117,1,0.690810597732901,1,0.690454860040955,1
"673","sdhA",1,0.629720704,1,0.69242758818747,1,0.627456917713398,1,0.627456917713398,1,0.690648898862398,1,0.691101656103262,1
"674","mngA",1,0.628912209,1,0.691522073567089,1,0.628588810926467,1,0.630593878903904,1,0.69220120938457,1,0.69200717065335,1
"675","mngB",1,0.624740374,1,0.693850539616675,1,0.630076442006501,1,0.625872267215101,1,0.695079452266981,1,0.693850539642618,1
"676","cydB",1,0.63033516,1,0.691133995860124,1,0.629591344915186,1,0.633116383778744,1,0.692459927909331,1,0.692330568650324,1
"677","aroG",1,0.627359898,1,0.693300762899859,1,0.629364966272572,1,0.629397306078659,1,0.691069316262846,1,0.689031908453125,1
"678","galM",1,0.629073908,1,0.69174845212781,1,0.628297752671678,1,0.631046636189132,1,0.691328034610448,1,0.689808063910288,1
"679","modA",1,0,0,0,0,0,0,0,0,0,0,0,0
"680","bioA",1,0,0,0,0,0,0,0,0,0,0,0,0
"681","bioB",1,0,0,0,0,0,0,0,0,0,0,0,0
"682","bioC",1,0,0,0,0,0,0,0,0,0,0,0,0
"683","bioD",1,0,0,0,0,0,0,0,0,0,0,0,0
"684","moaC",1,0.630949617,1,0.692298228788044,1,0.62952666530301,1,0.624869733226383,1,0.690228481361799,1,0.689290626870814,1
"685","potH",1,0.628071374,1,0.692815665759076,1,0.631175995413483,1,0.631564073086535,1,0.690454860111785,1,0.693268422990013,1
"686","artM",1,0.628233073,1,0.68971104457575,1,0.627262878876872,1,0.62658374294903,1,0.692265889117905,1,0.69288034542784,1
"687","dmsA",1,0.629914743,1,0.689743384246342,1,0.627262878876872,1,0.63023814103694,1,0.689775724046893,1,0.691877811393482,1
"688","dmsC",1,0.629785384,1,0.687738316211062,1,0.626810121591644,1,0.634668694470953,1,0.691522073580305,1,0.688902549259884,1
"689","aspC",1,0.194988788,1,0.194988788144726,1,0.194988788144726,1,0.194988788144726,1,0.194988788144726,1,0.194988788144726,1
"690","ssuE",1,0.631434714,1,0.689161267862848,1,0.62406123807419,1,0.634248276991813,1,0.68967870462666,1,0.692201209391736,1
"691","torC",1,0.630205801,1,0.690131462006177,1,0.629203267242133,1,0.628233073059503,1,0.689419986119237,1,0.690939957054617,1
"692","wrbA",1,0.632340228,1,0.69242758812096,1,0.631467053668272,1,0.632146189596113,1,0.690778258106453,1,0.690002102684291,1
"693","dadA",1,0.630238141,1,0.692298228797966,1,0.628297752671678,1,0.631596412892623,1,0.692427588121416,1,0.689161267727734,1
"694","dhaK",1,0.628653491,1,0.689614024923053,1,0.631273014831746,1,0.630917276964781,1,0.692492267877363,1,0.691263355119992,1
"695","oppF",1,0.629817724,1,0.690745918249658,1,0.630141121618676,1,0.631855131341324,1,0.692071850192688,1,0.691133995792547,1
"696","trpB",1,0.628297753,1,0.693171403613861,1,0.628168393447327,1,0.628491791508204,1,0.690422520175465,1,0.690584219195566,1
"697","feaB",1,0.627521597,1,0.690616558990316,1,0.625387170123786,1,0.62813605364124,1,0.692330568646453,1,0.691683772588017,1
"698","paaC",1,0.62713352,1,0.694885413419064,1,0.628944548793432,1,0.63289000513613,1,0.690390180400521,1,0.690616558989284,1
"699","paaG",1,0.628136054,1,0.693074384172193,1,0.63036750026129,1,0.630723238128255,1,0.696664102635822,1,0.688611491051687,1
"700","paaI",1,0.629041568,1,0.689678704648443,1,0.626422043918592,1,0.632081509983938,1,0.691877811322981,1,0.691910151183082,1
"701","paaK",1,0.633860199,1,0.690163801740474,1,0.629397306078659,1,0.634409976022252,1,0.690519539510038,1,0.689905083245484,1
"702","lsrD",1,0.631208335,1,0.691845471646089,1,0.631014296383044,1,0.625516529348137,1,0.68987274344106,1,0.69278332597635,1
"703","lsrF",1,0.62868583,1,0.689193607468082,1,0.627974354610801,1,0.627909674998626,1,0.690616559017742,1,0.690972296844673,1
"704","ydeA",1,0.632792986,1,0.689322966672027,1,0.631531733280447,1,0.629170927436046,1,0.693139063797845,1,0.691522073571779,1
"705","sufE",1,0.633633821,1,0.690681238465706,1,0.627877335192538,1,0.62952666530301,1,0.690939957026944,1,0.69132803473601,1
"706","sufB",1,0.628168393,1,0.688999568677775,1,0.629494325496923,1,0.627101179846433,1,0.691845471731212,1,0.688029374515004,1
"707","astD",1,0.631467054,1,0.69116633579534,1,0.62826541286559,1,0.634668694470953,1,0.689452326035423,1,0.692718646397479,1
"708","araG",1,0.627392238,1,0.688740850311551,1,0.628653490538643,1,0.629041568211695,1,0.692201209418294,1,0.690939957055124,1
"709","shiA",1,0.627198199,1,0.694400316293674,1,0.631014296383044,1,0.630690898322167,1,0.692395248255018,1,0.68958168520729,1
"710","amn",1,0.63214619,1,0.691360374453006,1,0.628524131314292,1,0.631434713862184,1,0.692459928026246,1,0.691780792020893,1
"711","wbbI",1,0.630108782,1,0.689031908557144,1,0.628524131314292,1,0.629914742976063,1,0.687576617324338,1,0.69333310277182,1
"712","gatB",1,0.629203267,1,0.687802995874023,1,0.628427111896029,1,0.623996558462015,1,0.692912685268339,1,0.691910151250618,1
"713","gatY",1,0.626130986,1,0.688546811336346,1,0.631046636189132,1,0.630302820649115,1,0.691328034592494,1,0.689128927922485,1
"714","ccmB",1,0.630658559,1,0.692492267865654,1,0.631822791535236,1,0.630884937158693,1,0.689969762806153,1,0.691586753116925,1
"715","napB",1,0.632631287,1,0.690875277471963,1,0.630302820649115,1,0.631725772116973,1,0.691651432664378,1,0.688676170597283,1
"716","atoA",1,0.631143656,1,0.690939957020108,1,0.631661092504798,1,0.631596412892623,1,0.692265889191333,1,0.691166335649683,1
"717","nrdB",0,0.630270481,1,0.692168869770975,1,0.627198199264696,1,0.63246958765699,1,0.687188539586654,1,0.692621626979098,1
"718","glpB",1,0.633148724,1,0.692007170649276,1,0.631758111923061,1,0.626713102173381,1,0.69320374358641,1,0.692621626860258,1
"719","glpC",1,0.632340228,1,0.694238617254006,1,0.630399840067378,1,0.629623684721273,1,0.694335636594643,1,0.68958168518106,1
"720","nuoH",1,0.644382756,1,0.644382756060937,1,0.644382756060937,1,0.644382756060937,1,0.644382756060937,1,0.644382756060937,1
"721","nuoF",1,0.644382756,1,0.644382756060937,1,0.644382756060937,1,0.644382756060937,1,0.644382756060937,1,0.644382756060937,1
"722","nuoC",1,0.644382756,1,0.644382756060937,1,0.644382756060937,1,0.644382756060937,1,0.644382756060937,1,0.644382756060937,1
"723","nuoA",1,0.644382756,1,0.644382756060937,1,0.644382756060937,1,0.644382756060937,1,0.644382756060937,1,0.644382756060937,1
"724","hisP",1,0.629138588,1,0.692524607506853,1,0.629559005109098,1,0.625710568184663,1,0.68735023868278,1,0.691877811438451,1
"725","hisQ",1,0.626616083,1,0.686606423091522,1,0.630884937158693,1,0.634086577961375,1,0.691554413271407,1,0.689419986176311,1
"726","fadL",1,0.626939481,1,0.695176471592521,1,0.629688364333449,1,0.631596412892623,1,0.691392714436072,1,0.691554413328149,1
"727","nupC",1,0.795154275,1,0.795154274904935,1,0.795154274904935,1,0.795154274904935,1,0.795154274904935,1,0.795154274904935,1
"728","gltX",0,0,0,0,0,0,0,0,0,0,0,0,0
"729","crr",1,0.789593143,1,0.789593142802671,1,0.789593142802671,1,0.789593142802671,1,0.789593142802671,1,0.789593142802671,1
"730","cysM",1,0.627974355,1,0.69343012211818,1,0.6256135487664,1,0.62994708278215,1,0.689743384364856,1,0.691425054169875,1
"731","cysU",1,0.626066306,1,0,0,0.629364966272572,1,0.630626218709992,1,0,0,0,0
"732","purC",1,0.69213653,1,0.691166335654542,1,0.691619093014006,1,0.692104190063584,1,0.692395248228042,1,0.690810597794772,1
"733","hyfB",1,0.631790452,1,0.692750986263054,1,0.6298177235578,1,0.630464519679554,1,0.691651432718241,1,0.692136529913219,1
"734","hyfC",1,0.626389704,1,0.695176471592521,1,0.627683296356012,1,0.630302820649115,1,0.689775723987471,1,0.692653966784017,1
"735","hyfG",1,0.628362432,1,0.687350238618539,1,0.628524131314292,1,0.626551403142943,1,0.690487199649239,1,0.688740850311555,1
"736","purM",1,0,0,0,0,0,0,0,0,0,0,0,0
"737","hmp",1,0.629494325,1,0.688740850365256,1,0.628006694416889,1,0.633989558543112,1,0.688676170642501,1,0.690454860040955,1
"738","nrdF",1,0.6303675,1,0.692071850283082,1,0.632534267269166,1,0.62952666530301,1,0.692556947381285,1,0.690422520183819,1
"739","cysN",1,0.629720704,1,0.69242758809885,1,0.63065855851608,1,0.630820257546518,1,0.688870209400402,1,0.692298228791364,1
"740","gudX",1,0.626777782,1,0.687932355094523,1,0.630626218709992,1,0.628006694416889,1,0.692621626991332,1,0.688385112389086,1
"741","araE",1,0.629300287,1,0.688902549211703,1,0.6277156361621,1,0.631467053668272,1,0.688223413272246,1,0.691522073571987,1
"742","serA",1,0.796457665,1,0.79645766526378,1,0.79645766526378,1,0.79645766526378,1,0.79645766526378,1,0.79645766526378,1
"743","epd",1,0.630949617,1,0.688967228974651,1,0.629170927436046,1,0.631952150759587,1,0.690810597766708,1,0.692039510469927,1
"744","exbB",1,0.630302821,1,0.69145739397055,1,0.62616332546989,1,0.633633820676147,1,0.688676170546095,1,0.690066782298537,1
"745","yqhD",1,0.62875051,1,0.689225947338191,1,0.62687480120382,1,0.630432179873466,1,0.688967229057834,1,0.690842937644598,1
"746","ttdA",1,0.628394772,1,0.691780791912507,1,0.6277156361621,1,0.628297752671678,1,0.692104189990688,1,0.694497335773285,1
"747","tdcB",1,0.338981651,1,0.344199718444708,1,0.339298314454056,1,0.339119330600465,1,0.344199718444708,1,0.344199718444708,1
"748","garR",1,0.635024432,1,0.690681238592412,1,0.628782849762993,1,0.629267946854309,1,0.691651432720427,1,0.692395248337301,1
"749","garP",1,0.633116384,1,0.689678704722073,1,0.629203267242133,1,0.62855647112038,1,0.68954934540307,1,0.688061714256216,1
"750","kbaY",1,0.632792986,1,0.689064248346662,1,0.629170927436046,1,0.63107897599522,1,0.691425054256392,1,0.692330568718684,1
"751","argG",1,0.33312598,1,0.33807540433826,1,0.333504624871607,1,0.333274733596657,1,0.33807540433826,1,0.33807540433826,1
"752","nanT",1,0.628265413,1,0.689872743380732,1,0.629688364333449,1,0.629559005109098,1,0.690972296907141,1,0.691295694977087,1
"753","nanA",1,0.628524131,1,0.688255753121682,1,0.632275548820464,1,0.625160791481172,1,0.691716112367448,1,0.694044578448084,1
"754","murI",0,0,0,0,0,0,0,0,0,0,0,0,0
"755","argB",1,0.333220642,1,0.33807540433826,1,0.332936658192319,1,0.333058365337881,1,0.33807540433826,1,0.33807540433826,1
"756","gldA",1,0.63211385,1,0.691295694906586,1,0.63234022843264,1,0.626907141009907,1,0.691683772645181,1,0.689484665787137,1
"757","fpr",1,0.627359898,1,0.690875277588789,1,0.630044102200413,1,0.628427111896029,1,0.690745918271143,1,0.691198675511266,1
"758","rhaD",0,0.630723238,1,0.688126393861472,1,0.629300286660397,1,0.62687480120382,1,0.690390180253633,1,0.689581685247687,1
"759","wzzE",1,0.631596413,1,0.692621626995533,1,0.629753043945624,1,0.632598946881341,1,0.688708510448612,1,0.688934889049484,1
"760","rbsA",1,0.631337694,1,0.690907617238788,1,0.628103713835152,1,0.628879869181256,1,0.690422520173814,1,0.690778258106288,1
"761","glmU",0,0,0,0,0,0,0,0,0,0,0,0,0
"762","bglF",1,0.627456918,1,0.691522073568819,1,0.630270480843027,1,0.627683296356012,1,0.689937423021828,1,0.690681238534881,1
"763","tnaA",1,0.632469588,1,0.692621626980587,1,0.631273014831746,1,0.630076442006501,1,0.692007170694657,1,0.691845471637941,1
"764","tdh",1,0.628944549,1,0.689355306586569,1,0.631467053668272,1,0.626810121591644,1,0.691813131910606,1,0.688934889086466,1
"765","malS",1,0.628071374,1,0.69226588909283,1,0.630561539097816,1,0.63234022843264,1,0.689614025016288,1,0.690293160923951,1
"766","xylA",1,0.63046452,1,0.688740850274493,1,0.632857665330043,1,0.629300286660397,1,0.693106724109384,1,0.690778258039207,1
"767","xylB",1,0.629009228,1,0.686735782211871,1,0.633892539124849,1,0.626713102173381,1,0.688385112439409,1,0.693365442460281,1
"768","dppC",1,0.627327558,1,0.68896722897737,1,0.629882403169975,1,0.630141121618676,1,0.693074384257849,1,0.689646364793284,1
"769","dctA",1,0.630108782,1,0.690519539587626,1,0.630464519679554,1,0.628653490538643,1,0.690325500860482,1,0.690163801715844,1
"770","gor",1,0.629267947,1,0.692589287241069,1,0.630884937158693,1,0.631725772116973,1,0.692880345379577,1,0.691942491040218,1
"771","livH",1,0.632340228,1,0.69148973371333,1,0.630593878903904,1,0.62994708278215,1,0.69045485996745,1,0.693139063730601,1
"772","livG",1,0.628459452,1,0.689064248388214,1,0.631564073086535,1,0.629332626466484,1,0.692136529834608,1,0.693333102704284,1
"773","livF",1,0.629009228,1,0.689969762842517,1,0.628071374029064,1,0.631014296383044,1,0.69055187941301,1,0.689937422933946,1
"774","ugpE",1,0.636512063,1,0.690325500727262,1,0.631725772116973,1,0.625904607021189,1,0.68980806393265,1,0.688967228974156,1
"775","ugpC",1,0.63204917,1,0.691328034592038,1,0.629300286660397,1,0.628071374029064,1,0.691101656175207,1,0.690034442572889,1
"776","glgB",1,0.629688364,1,0.691942491032146,1,0.631402374056096,1,0.628524131314292,1,0.690131462023226,1,0.690584219064612,1
"777","glgA",1,0.626195665,1,0.692395248341497,1,0.624966752644646,1,0.630270480843027,1,0.687608957071934,1,0.690681238615022,1
"778","pck",1,0.63211385,1,0.692686306589969,1,0.632792985717867,1,0.62616332546989,1,0.692168869710972,1,0.690616559001638,1
"779","nirD",1,0.632890005,1,0.691974830837071,1,0.626648422561206,1,0.631046636189132,1,0.690648898852185,1,0.690713578392017,1
"780","argD",1,0.631402374,1,0,0,0.629332626466484,1,0.626001626439452,1,0,0,0,0
"781","metA",1,0.629559005,1,0.649726140431956,1,0.635024432337918,1,0.626713102173381,1,0.649726140431956,1,0.649726140431956,1
"782","aceB",1,0.629914743,1,0.691974830736921,1,0.624190597298541,1,0.631273014831746,1,0.689808063964524,1,0.691166335717218,1
"783","aceA",1,0.628362432,1,0.686444724037936,1,0.628815189569081,1,0.633892539124849,1,0.686800461920002,1,0.68890254927759,1
"784","ubiA",0,0,0,0,0,0,0,0,0,0,0,0,0
"785","dgkA",1,0.629041568,1,0.688708510520472,1,0.62729521868296,1,0.628362432283853,1,0.691651432740847,1,0.690002102648672,1
"786","nrfD",1,0.626486724,1,0.691328034670412,1,0.627165859458609,1,0.631984490565675,1,0.692427588156794,1,0.690778258106288,1
"787","phnP",1,0.629138588,1,0.690519539519059,1,0.627877335192538,1,0.629882403169975,1,0.689193607463182,1,0.696470063853747,1
"788","phnO",1,0.631952151,1,0.689614024933802,1,0.627909674998626,1,0.627942014804713,1,0.691328034617284,1,0.691263355119951,1
"789","proP",1,0.630496859,1,0.686315364680922,1,0.625484189542049,1,0.62742457790731,1,0.691036976487228,1,0.690939957062934,1
"790","melA",1,0.631596413,1,0.692783326106607,1,0.629623684721273,1,0.630690898322167,1,0.689743384218833,1,0.689549345390551,1
"791","ulaC",1,0.631208335,1,0.690551879447272,1,0.630593878903904,1,0.631111315801307,1,0.691845471686452,1,0.692104190056083,1
"792","ulaD",1,0.631725772,1,0.690487199682513,1,0.626519063336855,1,0.627909674998626,1,0.693559481433807,1,0.691328034665548,1
"793","ulaE",1,0.629364966,1,0.690099122125074,1,0.62519313128726,1,0.6298177235578,1,0.690454859963249,1,0.690972296911753,1
"794","cpdB",1,0.627747976,1,0.689096588057445,1,0.630561539097816,1,0.63023814103694,1,0.692168869782873,1,0.691231015262815,1
"795","nrdD",1,0.630658559,1,0.691910151271334,1,0.630561539097816,1,0.629300286660397,1,0.690551879479349,1,0.691069316314508,1
"796","treB",1,0.628879869,1,0.687156199643122,1,0.629656024527361,1,0.628524131314292,1,0.694335636734487,1,0.692427588121416,1
"797","pepA",1,0.631337694,1,0.691651432776015,1,0.626907141009907,1,0.629203267242133,1,0.69304204437411,1,0.688158733739457,1
"798","fecD",1,0.627909675,1,0.689937423001936,1,0.63107897599522,1,0.629041568211695,1,0.690034442545216,1,0.690907617198102,1
