X,Gene,Cell_Growth,PEC,TRIMER_new,Iterations,CF_S_pred_0th_iterations,CF_S_pred_1st_iterations,CF_S_pred,TR_labels,CF_final_labels,CF_0th_labels,CF_1st_labels,True_labels,
1,nhaA,0.485,N,0.808495154,4,0.808495152,0.758796405,0.632987025,1,1,1,1,1,
2,dapB,0,N,9.35E-26,2,0.808495152,0,0,0,0,1,0,0,
3,carA,0.663,N,0.80849517,4,0.808495152,0.758796405,0.627942015,1,1,1,1,1,
4,carB,0.489,N,0.80849517,4,0.808495152,0.758796405,0.632404908,1,1,1,1,1,
5,caiD,0.688,N,0.808495152,4,0.808495152,0.758796405,0.629397306,1,1,1,1,1,
6,caiC,0.748,N,0.808495152,4,0.808495152,0.758796405,0.627715636,1,1,1,1,1,
7,caiT,0.697,N,0.808495152,4,0.808495152,0.758796405,0.630755578,1,1,1,1,1,
8,apaH,0.504,N,0.808495152,4,0.808495152,0.758796405,0.628427112,1,1,1,1,1,
9,araA,0,N,0.808495152,4,0.808495152,0.758796405,0.625548869,1,1,1,1,0,
10,thiP,0.712,N,0.808495152,4,0.808495152,0.758796405,0.625807588,1,1,1,1,1,
11,leuD,0.769,N,0.221960309,2,0.808495152,0.221960309,0.218755202,0,1,1,1,1,
12,leuB,0.726,N,0.808495152,2,0.808495152,0.221960309,0.218701932,1,1,1,1,1,
13,leuA,0.779,N,0.221960309,2,0.808495152,0.221960309,0.218861743,0,1,1,1,1,
14,murG,0,E,1.13E-28,2,0.808495152,0,0,0,0,1,0,0,
15,murC,0,E,-4.89E-30,2,0.808495152,0,0,0,0,1,0,0,
16,ddlB,0.734,N,3.60E-05,2,0.808495152,0,0,0,0,1,0,1,
17,lpxC,0,E,0,2,0.808495152,0,0,0,0,1,0,0,
18,nadC,0.628,N,0,2,0.808495152,0,0,0,0,1,0,1,
19,ampD,0.805,N,0.808495152,4,0.808495152,0.758796405,0.627553937,1,1,1,1,1,
20,aceE,0.834,N,0.760789563,2,0.808495152,0.760789563,0.760789563,1,1,1,1,1,
21,lpd,0.337,N,0.747885014,2,0.808495152,0.747885001,0.747885001,1,1,1,1,1,
22,gcd,0.801,N,0.808495152,4,0.808495152,0.758796405,0.626551403,1,1,1,1,1,
23,fhuC,0.776,N,0.808495152,4,0.808495152,0.758796405,0.631078976,1,1,1,1,1,
24,fabZ,0,E,0.808495152,2,0.808495152,0,0,1,0,1,0,0,
25,metQ,0.695,u,0.797772405,2,0.808495152,0.797772395,0.797772395,1,1,1,1,1,
26,metN,0.786,u,0.797772405,2,0.808495152,0.797772395,0.797772395,1,1,1,1,1,
27,dkgB,0.873,u,0.808495154,4,0.808495152,0.758796405,0.63214619,1,1,1,1,1,
28,gloB,0.773,u,0.808495152,4,0.808495152,0.758796405,0.628912209,1,1,1,1,1,
29,pepD,0.816,N,0.808495152,4,0.808495152,0.758796405,0.629850063,1,1,1,1,1,
30,betB,0.773,N,0.808495154,4,0.808495152,0.758796405,0.63201683,1,1,1,1,1,
31,prpC,0.815,N,0.808495152,4,0.808495152,0.758796405,0.63033516,1,1,1,1,1,
32,prpE,0.633,N,0.808495152,4,0.808495152,0.758796405,0.624740374,1,1,1,1,1,
33,cynT,0.732,N,1.28E-05,2,0.808495152,0,0,0,0,1,0,1,
34,mhpC,0.754,N,0.808495152,4,0.808495152,0.758796405,0.631402374,1,1,1,1,1,
35,tauA,0.86,N,0.808495152,4,0.808495152,0.758796405,0.629138588,1,1,1,1,1,
36,tauB,0.715,N,0.808495152,4,0.808495152,0.758796405,0.625904607,1,1,1,1,1,
37,tauD,0.764,N,0.808495152,4,0.808495152,0.758796405,0.631208335,1,1,1,1,1,
38,aroL,0.799,N,0.808495152,2,0.808495152,0,0,1,0,1,0,1,
39,malZ,0.836,N,0.808495172,4,0.808495152,0.758796405,0.62706884,1,1,1,1,1,
40,tsx,0.818,N,0.780875607,2,0.808495152,0.780875477,0.780875477,1,1,1,1,1,
41,cyoB,0.717,N,0.676827691,2,0.808495152,0.676827691,0.676827691,1,1,1,1,1,
42,amtB,0.81,N,0.5949832,2,0.808495152,0.594983102,0.558080495,1,1,1,1,1,
43,copA,0.701,N,0.808495161,4,0.808495152,0.758796405,0.630044102,1,1,1,1,1,
44,gcl,0.869,N,0.808495157,4,0.808495152,0.758796405,0.626648423,1,1,1,1,1,
45,hyi,0.75,N,0.808495152,4,0.808495152,0.758796405,0.630173461,1,1,1,1,1,
46,glxK,0.71,N,0.808495152,4,0.808495152,0.758796405,0.628330092,1,1,1,1,1,
47,allC,0.777,N,0.806883684,4,0.808495152,0.758796405,0.628879869,1,1,1,1,1,
48,allD,0.661,N,0.808495152,4,0.808495152,0.758796405,0.628265413,1,1,1,1,1,
49,purK,0.524,N,0.808495152,3,0.808495152,0.758796405,0.691360375,1,1,1,1,1,
50,purE,0.496,N,0.808495152,3,0.808495152,0.758796405,0.689646365,1,1,1,1,1,
51,cusF,0.831,N,0.808495154,4,0.808495152,0.758796405,0.633245743,1,1,1,1,1,
52,cusB,0.842,N,0.808495154,4,0.808495152,0.758796405,0.633116384,1,1,1,1,1,
53,cusA,0.855,N,0.808495154,4,0.808495152,0.758796405,0.627877335,1,1,1,1,1,
54,fepC,0.812,N,0.808495152,4,0.808495152,0.758796405,0.631305355,1,1,1,1,1,
55,fepG,0.702,N,0.808495152,4,0.808495152,0.758796405,0.628621151,1,1,1,1,1,
56,fepD,0.811,N,0.808495152,4,0.808495152,0.758796405,0.626033966,1,1,1,1,1,
57,fepB,0.817,N,0.808495152,4,0.808495152,0.758796405,0.631758112,1,1,1,1,1,
58,entE,0.666,N,0.808495152,4,0.808495152,0.758796405,0.629720704,1,1,1,1,1,
59,ahpC,0.74,N,0.808495168,4,0.808495152,0.758796405,0.632922345,1,1,1,1,1,
60,ahpF,0.724,N,0.808495168,4,0.808495152,0.758796405,0.62868583,1,1,1,1,1,
61,citG,0.737,u,0.808495152,4,0.808495152,0.758796405,0.629041568,1,1,1,1,1,
62,citX,0.84,u,0.808495161,4,0.808495152,0.758796405,0.628653491,1,1,1,1,1,
63,citE,0.787,u,0.808495161,4,0.808495152,0.758796405,0.627747976,1,1,1,1,1,
64,dcuC,0.773,N,0.808495159,4,0.808495152,0.758796405,0.629203267,1,1,1,1,1,
66,asnB,0.746,N,0.808495161,2,0.808495152,0,0,1,0,1,0,1,
67,nagB,0.738,N,0.808495161,4,0.808495152,0.758796405,0.631273015,1,1,1,1,1,
68,fldA,0,E,0.000418585,2,0.808495152,0,0,0,0,1,0,0,
69,pgm,0.363,N,0.808495152,4,0.808495152,0.758796405,0.626292685,1,1,1,1,1,
70,kdpC,0.742,N,0.808495159,4,0.808495152,0.758796405,0.632372568,1,1,1,1,1,
71,kdpB,0.746,N,0.808495159,4,0.808495152,0.758796405,0.629267947,1,1,1,1,1,
72,sdhC,0.42,N,0.806345336,4,0.808495152,0.758796405,0.630302821,1,1,1,1,1,
73,sdhD,0.334,N,0.806345336,4,0.808495152,0.758796405,0.631822792,1,1,1,1,1,
74,sucA,0.305,N,0.807987554,4,0.808495152,0.758796405,0.63039984,1,1,1,1,1,
75,sucB,0.396,N,0.807987554,4,0.808495152,0.758796405,0.629688364,1,1,1,1,1,
76,sucC,0.614,N,0.808395032,4,0.808495152,0.758796405,0.630076442,1,1,1,1,1,
77,sucD,0.573,N,0.808395032,4,0.808495152,0.758796405,0.627165859,1,1,1,1,1,
78,cydA,0,N,0.808495157,4,0.808495152,0.758796405,0.629979423,1,1,1,1,0,
79,nadA,0.786,N,0,2,0.808495152,0,0,0,0,1,0,1,
80,pnuC,0.827,N,0.808495152,4,0.808495152,0.758796405,0.627392238,1,1,1,1,1,
81,galK,0.779,N,0.808495152,4,0.808495152,0.758796405,0.631434714,1,1,1,1,1,
82,modB,0.778,N,0.808495159,2,0.808495152,0,0,1,0,1,0,1,
83,modC,0.829,N,0.808495159,2,0.808495152,0,0,1,0,1,0,1,
84,bioF,0.789,N,0.808495152,2,0.808495152,0,0,1,0,1,0,1,
85,moaE,0.789,N,0.808495152,4,0.808495152,0.758796405,0.627327558,1,1,1,1,1,
86,glnQ,0.713,N,0.808495152,4,0.808495152,0.758796405,0.628103714,1,1,1,1,1,
87,glnP,0.742,N,0.808495152,4,0.808495152,0.758796405,0.633019364,1,1,1,1,1,
88,moeB,0.891,N,0.808495152,4,0.808495152,0.758796405,0.630658559,1,1,1,1,1,
89,moeA,0.862,N,0.808495152,4,0.808495152,0.758796405,0.628427112,1,1,1,1,1,
90,dacC,0.721,N,0.808495152,4,0.808495152,0.758796405,0.628071374,1,1,1,1,1,
91,ybjG,0.804,N,0.808495152,2,0.808495152,0,0,1,0,1,0,1,
92,grxA,0.805,N,0.808495161,4,0.808495152,0.758796405,0.632566607,1,1,1,1,1,
93,potF,0.747,N,0.808495159,4,0.808495152,0.758796405,0.635735908,1,1,1,1,1,
94,artP,0.699,N,0.808495159,4,0.808495152,0.758796405,0.628394772,1,1,1,1,1,
95,poxB,0.86,N,0.808495168,4,0.808495152,0.758796405,0.629850063,1,1,1,1,1,
96,cydC,0,N,0.80849517,4,0.808495152,0.758796405,0.629947083,1,1,1,1,0,
97,ompF,0.836,N,0,2,0.808495152,0.808495152,0.808495152,0,1,1,1,1,
98,pncB,0.673,N,0.808495152,4,0.808495152,0.758796405,0.631014296,1,1,1,1,1,
99,ssuB,0.814,N,0.808495152,4,0.808495152,0.758796405,0.627909675,1,1,1,1,1,
100,ssuC,0.791,N,0.808495152,4,0.808495152,0.758796405,0.629332626,1,1,1,1,1,
101,ssuD,0.502,N,0.808495152,4,0.808495152,0.758796405,0.628265413,1,1,1,1,1,
102,pyrD,0.645,N,0.808495152,4,0.808495152,0.758796405,0.630302821,1,1,1,1,1,
103,fabA,0,E,0.808495152,4,0.808495152,0.758796405,0.630141122,1,1,1,1,0,
104,hyaA,0.739,N,0.808495155,4,0.808495152,0.758796405,0.627974355,1,1,1,1,1,
105,hyaB,0.732,N,0.808495155,4,0.808495152,0.758796405,0.632243209,1,1,1,1,1,
106,hyaC,0.741,N,0.808495155,4,0.808495152,0.758796405,0.625128452,1,1,1,1,1,
107,appA,0.737,N,0.808495152,4,0.808495152,0.758796405,0.633342762,1,1,1,1,1,
108,torA,0.71,N,0.808495152,4,0.808495152,0.758796405,0.631143656,1,1,1,1,1,
109,agp,0.79,N,0.808495152,4,0.808495152,0.758796405,0.631370034,1,1,1,1,1,
110,putP,0.721,N,0.808495152,4,0.808495152,0.758796405,0.628297753,1,1,1,1,1,
111,ptsG,0.744,N,0.808495152,2,0.808495152,0.789593143,0.789593143,1,1,1,1,1,
112,fhuE,0.722,N,0.808495152,4,0.808495152,0.758796405,0.626389704,1,1,1,1,1,
113,purB,0,N,0.808495152,3,0.808495152,0.758796405,0.689258287,1,1,1,1,0,
114,icd,0.61,N,0.279019933,2,0.808495152,0.279019933,0.274723026,0,1,1,1,1,
115,dadX,0.732,N,2.40E-05,2,0.808495152,0,0,0,0,1,0,1,
116,dhaL,0.75,u,0.808495152,4,0.808495152,0.758796405,0.628976889,1,1,1,1,1,
117,narG,0.774,N,0.808495152,4,0.808495152,0.758796405,0.628297753,1,1,1,1,1,
118,narJ,0.591,N,0.808495152,4,0.808495152,0.758796405,0.629203267,1,1,1,1,1,
119,narI,0.736,N,0.808495152,4,0.808495152,0.758796405,0.6303675,1,1,1,1,1,
120,oppA,0.845,N,0.808495152,4,0.808495152,0.758796405,0.628297753,1,1,1,1,1,
121,oppB,0.71,N,0.808495152,4,0.808495152,0.758796405,0.630270481,1,1,1,1,1,
122,trpA,0.604,N,0.808495174,4,0.808495152,0.758796405,0.629267947,1,1,1,1,1,
123,trpC,0.677,N,0.808495152,4,0.808495152,0.758796405,0.625969287,1,1,1,1,1,
124,trpD,0.763,N,0.808495152,4,0.808495152,0.758796405,0.629170927,1,1,1,1,1,
125,acnA,0.821,N,0.279020863,3,0.808495152,0.279019933,0.629785384,0,1,1,1,1,
126,puuA,0.797,N,0.808495152,4,0.808495152,0.758796405,0.626422044,1,1,1,1,1,
127,pspE,0.685,N,0.808495152,4,0.808495152,0.758796405,0.628588811,1,1,1,1,1,
128,paaA,0.735,N,0.808495152,4,0.808495152,0.758796405,0.632501927,1,1,1,1,1,
129,paaB,0.732,N,0.808495152,4,0.808495152,0.758796405,0.629850063,1,1,1,1,1,
130,paaE,0.792,N,0.808495152,4,0.808495152,0.758796405,0.628912209,1,1,1,1,1,
131,paaF,0.748,N,0.808495152,4,0.808495152,0.758796405,0.631240675,1,1,1,1,1,
132,paaH,0.681,N,0.808495152,4,0.808495152,0.758796405,0.629979423,1,1,1,1,1,
133,paaJ,0.742,N,0.808495152,4,0.808495152,0.758796405,0.626325025,1,1,1,1,1,
134,aldA,0.697,N,0.808495152,4,0.808495152,0.758796405,0.62535483,1,1,1,1,1,
135,fdnI,0.764,N,0.808495154,4,0.808495152,0.758796405,0.626907141,1,1,1,1,1,
136,ddpF,0.758,N,0.808495152,4,0.808495152,0.758796405,0.634345296,1,1,1,1,1,
137,ddpD,0.684,N,0.808495152,4,0.808495152,0.758796405,0.631305355,1,1,1,1,1,
138,ddpC,0.78,N,0.808495152,4,0.808495152,0.758796405,0.631499393,1,1,1,1,1,
139,ddpB,0.696,N,0.808495152,4,0.808495152,0.758796405,0.628621151,1,1,1,1,1,
140,ddpA,0.682,N,0.808495152,4,0.808495152,0.758796405,0.630561539,1,1,1,1,1,
141,ddpX,0.752,N,0.808495161,4,0.808495152,0.758796405,0.625160791,1,1,1,1,1,
142,gadC,0.707,N,0.808495152,4,0.808495152,0.758796405,0.626616083,1,1,1,1,1,
143,gadB,0.804,N,0.808495152,4,0.808495152,0.758796405,0.62538717,1,1,1,1,1,
144,lsrC,0.789,N,0.808495152,4,0.808495152,0.758796405,0.629882403,1,1,1,1,1,
145,lsrB,0.785,N,0.808495152,4,0.808495152,0.758796405,0.62868583,1,1,1,1,1,
146,lsrG,0.765,N,0.808484848,4,0.808495152,0.758796405,0.629332626,1,1,1,1,1,
147,ynfF,0.814,N,0.808495152,4,0.808495152,0.758796405,0.631564073,1,1,1,1,1,
148,ynfG,0.72,N,0.808495152,4,0.808495152,0.758796405,0.628944549,1,1,1,1,1,
149,ynfH,0.564,N,0.808495152,4,0.808495152,0.758796405,0.629203267,1,1,1,1,1,
150,fumC,0.767,N,0.802605764,4,0.808495152,0.758796405,0.630561539,1,1,1,1,1,
151,fumA,0.746,N,0.802605764,4,0.808495152,0.758796405,0.630011762,1,1,1,1,1,
152,manA,0.72,N,0.808495152,4,0.808495152,0.758796405,0.631402374,1,1,1,1,1,
153,malX,0.794,N,0.808495152,2,0.808495152,0.789593143,0.789593143,1,1,1,1,1,
154,malY,0.8,N,0.808495152,2,0.808495152,0.64972614,0.627812656,1,1,1,1,1,
155,pykF,0.81,N,0.808495152,4,0.808495152,0.758796405,0.633342762,1,1,1,1,1,
156,sufS,0.858,N,0.808495152,4,0.808495152,0.756640055,0.627877335,1,1,1,1,1,
157,sufA,0.757,N,0.808495152,4,0.808495152,0.756640055,0.631758112,1,1,1,1,1,
158,aroH,0.7,N,0.808495152,4,0.808495152,0.758796405,0.626325025,1,1,1,1,1,
159,chbA,0.773,N,0.808495152,4,0.808495152,0.758796405,0.628265413,1,1,1,1,1,
160,chbB,0.731,N,0.808495152,4,0.808495152,0.758796405,0.628071374,1,1,1,1,1,
161,astA,0.73,u,0.808495152,4,0.808495152,0.758796405,0.628976889,1,1,1,1,1,
162,astC,0.8,u,3.60E-05,3,0.808495152,0,0.630690898,0,1,1,0,1,
163,gdhA,0.843,N,0.779433103,2,0.808495152,0.779433094,0.779433094,1,1,1,1,1,
164,fadD,0.587,N,0.808495161,4,0.808495152,0.758796405,0.629720704,1,1,1,1,1,
165,manY,0.728,N,0.808495152,2,0.808495152,0.789593143,0.789593143,1,1,1,1,1,
166,manZ,0.658,N,0.808495152,2,0.808495152,0.789593143,0.789593143,1,1,1,1,1,
167,eda,0.69,N,0.808495161,4,0.808495152,0.758796405,0.629397306,1,1,1,1,1,
168,zwf,0.759,N,0.80056543,4,0.808495152,0.758796405,0.631337694,1,1,1,1,1,
169,znuA,0.801,u,0.808495161,4,0.808495152,0.758796405,0.626357364,1,1,1,1,1,
170,tyrP,0.748,N,0.802023492,4,0.808495152,0.758796405,0.626907141,1,1,1,1,1,
171,hchA,0.746,N,0.808495152,4,0.808495152,0.758796405,0.630658559,1,1,1,1,1,
172,cobT,0.795,N,0.808495152,4,0.808495152,0.758796405,0.631531733,1,1,1,1,1,
173,glf,0.791,N,0.808495152,4,0.808495152,0.758796405,0.626971821,1,1,1,1,1,
174,rfbC,0.745,N,0.808495152,4,0.808495152,0.758796405,0.630917277,1,1,1,1,1,
175,rfbB,0.817,N,0.808495152,4,0.808495152,0.758796405,0.629397306,1,1,1,1,1,
176,gatD,0.825,N,0.808495152,4,0.808495152,0.758796405,0.626325025,1,1,1,1,1,
177,gatC,0.797,N,0.808495152,4,0.808495152,0.758796405,0.629138588,1,1,1,1,1,
178,gatA,0.88,N,0.808495152,4,0.808495152,0.758796405,0.631628753,1,1,1,1,1,
180,gatZ,0.728,N,0.808495152,4,0.808495152,0.758796405,0.629591345,1,1,1,1,1,
181,mglA,0.691,N,0.808495165,4,0.808495152,0.758796405,0.628621151,1,1,1,1,1,
182,mglB,0.48,N,0.808495165,4,0.808495152,0.758796405,0.629203267,1,1,1,1,1,
183,folE,0,N,0.808495152,2,0.808495152,0,0,1,0,1,0,0,
184,lysP,0.676,N,0.807833688,4,0.808495152,0.758796405,0.629106248,1,1,1,1,1,
185,fruB,0.762,N,0.808495152,4,0.808495152,0.758796405,0.631919811,1,1,1,1,1,
186,ccmD,0.775,N,0.808495608,4,0.808495152,0.758796405,0.628394772,1,1,1,1,1,
187,ccmC,0.798,N,0.808495608,4,0.808495152,0.758796405,0.626971821,1,1,1,1,1,
188,napC,0.81,N,0.808495161,4,0.808495152,0.758796405,0.626422044,1,1,1,1,1,
189,napH,0.774,N,0.808495157,4,0.808495152,0.758796405,0.630690898,1,1,1,1,1,
190,napG,0.74,N,0.808495157,4,0.808495152,0.758796405,0.628297753,1,1,1,1,1,
191,ompC,0.734,N,0,2,0.808495152,0.808495152,0.808495152,0,1,1,1,1,
192,atoD,0.825,N,0.808495152,4,0.808495152,0.758796405,0.626745442,1,1,1,1,1,
193,nrdA,0,E,0.808495161,4,0.808495152,0.758796405,0.629009228,1,1,1,1,0,
194,glpT,0.834,N,0.808495152,4,0.808495152,0.758796405,0.629785384,1,1,1,1,1,
195,nuoN,0.519,N,0.808495152,2,0.808495152,0.644382756,0.644382756,1,1,1,1,1,
196,nuoM,0.59,N,0.808495152,2,0.808495152,0.644382756,0.644382756,1,1,1,1,1,
197,nuoL,0.513,N,0.808495152,2,0.808495152,0.644382756,0.644382756,1,1,1,1,1,
198,nuoK,0.577,N,0.808495152,2,0.808495152,0.644382756,0.644382756,1,1,1,1,1,
199,nuoJ,0.53,N,0.808495152,2,0.808495152,0.644382756,0.644382756,1,1,1,1,1,
200,nuoB,0.6,N,0.808495152,2,0.808495152,0.644382756,0.644382756,1,1,1,1,1,
201,hisM,0.716,N,0.808495178,4,0.808495152,0.758796405,0.629235607,1,1,1,1,1,
202,hisJ,0.744,N,0.808495159,4,0.808495152,0.758796405,0.63043218,1,1,1,1,1,
203,argT,0.782,u,0.808495172,4,0.808495152,0.758796405,0.626907141,1,1,1,1,1,
204,frc,0.749,N,0.808495152,4,0.808495152,0.758796405,0.627780316,1,1,1,1,1,
205,mntH,0.796,u,0.808495157,4,0.808495152,0.758796405,0.631758112,1,1,1,1,1,
206,xapA,0.793,N,0.807563513,4,0.808495152,0.758796405,0.630658559,1,1,1,1,1,
207,ptsH,0.869,N,0.789593143,2,0.808495152,0.789593143,0.789593143,1,1,1,1,1,
208,murP,0.823,u,0.808495152,4,0.808495152,0.758796405,0.62868583,1,1,1,1,1,
209,acrD,0.769,N,0.808495168,4,0.808495152,0.758796405,0.629559005,1,1,1,1,1,
210,hyfD,0.758,N,0.808495154,4,0.808495152,0.758796405,0.629753044,1,1,1,1,1,
211,hyfE,0.743,N,0.808495154,4,0.808495152,0.758796405,0.628491792,1,1,1,1,1,
212,hyfI,0.767,N,0.808495154,4,0.808495152,0.758796405,0.631078976,1,1,1,1,1,
213,hyfJ,0.817,N,0.808495154,4,0.808495152,0.758796405,0.633084044,1,1,1,1,1,
214,upp,0.672,N,0.808495161,4,0.808495152,0.758796405,0.630529199,1,1,1,1,1,
215,purN,0.613,N,0.808493574,4,0.808495152,0.758796405,0.628103714,1,1,1,1,1,
216,guaA,0.19,N,0.808495178,4,0.808495152,0.758796405,0.629235607,1,1,1,1,1,
217,guaB,0.278,N,0.808495152,4,0.808495152,0.758796405,0.628847529,1,1,1,1,1,
218,iscU,0.388,u,0.808491274,2,0.808495152,0,0,1,0,1,0,1,
219,hcaE,0.812,N,0.808495152,4,0.808495152,0.758796405,0.630302821,1,1,1,1,1,
220,hcaF,0.811,N,0.808495152,4,0.808495152,0.758796405,0.631337694,1,1,1,1,1,
221,hcaB,0.795,N,0.808495152,4,0.808495152,0.758796405,0.630820258,1,1,1,1,1,
222,hcaD,0.753,N,0.808495152,4,0.808495152,0.758796405,0.634409976,1,1,1,1,1,
223,purL,0.547,N,0.808495152,2,0.808495152,0,0,1,0,1,0,1,
224,trxC,0.785,u,0.808495178,4,0.808495152,0.758796405,0.631661093,1,1,1,1,1,
225,tyrA,0.774,N,0.724013351,2,0.808495152,0.53976736,0.532037892,1,1,1,1,1,
226,gabT,0.733,N,3.60E-05,3,0.808495152,0,0.333193595,0,1,1,0,1,
227,proW,0.75,N,0.808495185,4,0.808495152,0.758796405,0.625322491,1,1,1,1,1,
228,proX,0.681,N,0.808495185,4,0.808495152,0.758796405,0.631273015,1,1,1,1,1,
229,srlE,0.681,N,0.808495152,4,0.808495152,0.758796405,0.630108782,1,1,1,1,1,
230,srlB,0.772,N,0.808495152,4,0.808495152,0.758796405,0.63043218,1,1,1,1,1,
231,norV,0.837,N,0.808495168,4,0.808495152,0.758796405,0.626163325,1,1,1,1,1,
232,ascF,0.827,N,0.808495152,4,0.808495152,0.758796405,0.624449316,1,1,1,1,1,
233,ascB,0.797,N,0.808495152,4,0.808495152,0.758796405,0.629009228,1,1,1,1,1,
234,hycG,0.744,N,0.808495155,4,0.808495152,0.758796405,0.62878285,1,1,1,1,1,
235,hycF,0.759,N,0.808495155,4,0.808495152,0.758796405,0.630270481,1,1,1,1,1,
236,hycD,0.745,N,0.808495155,4,0.808495152,0.758796405,0.628168393,1,1,1,1,1,
237,hycC,0.746,N,0.808495155,4,0.808495152,0.758796405,0.634054238,1,1,1,1,1,
238,hycB,0.706,N,0.808495155,4,0.808495152,0.758796405,0.634798054,1,1,1,1,1,
239,cysD,0.767,N,0.808139582,3,0.808495152,0.758796405,0.629267947,1,1,1,1,1,
240,cysI,0.862,N,0.808139582,3,0.808495152,0.758796405,0.628103714,1,1,1,1,1,
241,cysJ,0.698,N,0.808139582,3,0.808495152,0.758796405,0.626001626,1,1,1,1,1,
242,eno,0,E,0.625833922,2,0.808495152,0.625833922,0.625833922,1,1,1,1,0,
243,mazG,0.767,N,0.808495292,4,0.808495152,0.758796405,0.631240675,1,1,1,1,1,
244,relA,0.76,N,0.808495152,4,0.808495152,0.758796405,0.629785384,1,1,1,1,1,
245,gudD,0.813,N,0.808495152,4,0.808495152,0.758796405,0.629235607,1,1,1,1,1,
246,gudP,0.746,N,0.808495204,4,0.808495152,0.758796405,0.629138588,1,1,1,1,1,
247,fucP,0.66,N,0.808495175,4,0.808495152,0.758796405,0.628976889,1,1,1,1,1,
248,fucI,0.731,N,0.808495152,4,0.808495152,0.758796405,0.636221005,1,1,1,1,1,
249,fucK,0.854,N,0.808495152,4,0.808495152,0.758796405,0.630302821,1,1,1,1,1,
250,mltA,0.7,N,0.808495152,4,0.808495152,0.758796405,0.631531733,1,1,1,1,1,
251,argA,0.767,N,0.338075404,2,0.808495152,0.338075404,0.333112457,0,1,1,1,1,
252,lysA,0.827,N,0.291408406,2,0.808495152,0.291408406,0.287013967,0,1,1,1,1,
253,xdhA,0.748,N,0.806621543,4,0.808495152,0.758796405,0.628039034,1,1,1,1,1,
254,xdhB,0.722,N,0.806621543,4,0.808495152,0.758796405,0.629914743,1,1,1,1,1,
255,xdhC,0.784,N,0.806621543,4,0.808495152,0.758796405,0.628976889,1,1,1,1,1,
256,guaD,0.628,N,0.808495152,4,0.808495152,0.758796405,0.628265413,1,1,1,1,1,
257,dsbC,0.743,N,0.80849539,4,0.808495152,0.758796405,0.627780316,1,1,1,1,1,
258,gcvP,0.67,N,0.80849517,4,0.808495152,0.758796405,0.628265413,1,1,1,1,1,
259,gcvT,0.708,N,0.80849517,4,0.808495152,0.758796405,0.630723238,1,1,1,1,1,
260,fbaA,0,E,0.805110648,4,0.808495152,0.758796405,0.627489258,1,1,1,1,0,
261,pgk,0,N,0.542153881,2,0.808495152,0.542153881,0.542153881,1,1,1,1,0,
262,speA,0.789,N,0.808495154,4,0.808495152,0.758796405,0.633569141,1,1,1,1,1,
263,metK,0,E,0.808495152,2,0.808495152,0,0,1,0,1,0,0,
264,galP,0.932,N,0.808495152,4,0.808495152,0.758796405,0.627812656,1,1,1,1,1,
265,nupG,0.749,N,0.795271163,2,0.808495152,0.769009452,0.769009452,1,1,1,1,1,
266,speC,0.849,N,0.808495152,4,0.808495152,0.758796405,0.630787918,1,1,1,1,1,
267,glcB,0.854,N,0.808495152,4,0.808495152,0.758796405,0.630108782,1,1,1,1,1,
268,glcD,0.786,N,0.808495152,4,0.808495152,0.758796405,0.62706884,1,1,1,1,1,
269,hybC,0.792,N,0.808495155,4,0.808495152,0.758796405,0.629235607,1,1,1,1,1,
270,hybB,0.821,N,0.808495155,4,0.808495152,0.758796405,0.627844995,1,1,1,1,1,
271,exbD,0.755,N,0.808495152,4,0.808495152,0.758796405,0.631046636,1,1,1,1,1,
272,ttdB,0.786,N,0.808495152,4,0.808495152,0.758796405,0.629203267,1,1,1,1,1,
273,uxaA,0.806,N,0.808495152,4,0.808495152,0.758796405,0.630561539,1,1,1,1,1,
274,exuT,0.61,N,0.808495209,4,0.808495152,0.758796405,0.629656025,1,1,1,1,1,
275,tdcD,0.782,N,0.724187924,2,0.808495152,0.724187915,0.724187915,1,1,1,1,1,
276,tdcC,0.854,N,0.808495152,4,0.808495152,0.758796405,0.631919811,1,1,1,1,1,
277,garL,0.804,u,0.808495152,4,0.808495152,0.758796405,0.630917277,1,1,1,1,1,
278,garD,0.789,u,0.808495152,4,0.808495152,0.758796405,0.631046636,1,1,1,1,1,
279,kbaZ,0.627,u,0.808495152,4,0.808495152,0.758796405,0.627877335,1,1,1,1,1,
280,mtr,0.779,N,0.804256709,4,0.808495152,0.758796405,0.632404908,1,1,1,1,1,
281,gltB,0.757,N,0.237636826,2,0.808495152,0.237636232,0.237636232,0,1,1,1,1,
282,gltD,0.816,N,0.237636826,2,0.808495152,0.237636232,0.237636232,0,1,1,1,1,
283,nanK,0.775,u,0.808495152,4,0.808495152,0.758796405,0.630270481,1,1,1,1,1,
284,nanE,0.779,u,0.808495152,4,0.808495152,0.758796405,0.631467054,1,1,1,1,1,
285,aaeB,0.706,u,0.808495152,4,0.808495152,0.758796405,0.629817724,1,1,1,1,1,
286,aaeA,0.789,u,0.808495152,4,0.808495152,0.758796405,0.629623685,1,1,1,1,1,
287,acrE,0.812,N,0.807839382,4,0.808495152,0.758796405,0.62706884,1,1,1,1,1,
288,acrF,0.763,N,0.807839382,4,0.808495152,0.758796405,0.62868583,1,1,1,1,1,
289,purH,0.442,N,0.808495152,3,0.808495152,0.758796405,0.691683773,1,1,1,1,1,
290,purD,0.538,N,0.808495152,2,0.808495152,0,0,1,0,1,0,1,
291,btuB,0.613,N,0.808495152,4,0.808495152,0.758796405,0.628071374,1,1,1,1,1,
292,argH,0.762,N,0.338075404,2,0.808495152,0.338075404,0.333180072,0,1,1,1,1,
293,argC,0.803,N,0.338075404,2,0.808495152,0.338075404,0.332896089,0,1,1,1,1,
294,argE,0.787,N,0.338075404,2,0.808495152,0.338075404,0.33299075,0,1,1,1,1,
295,katG,0.752,N,0.808495152,4,0.808495152,0.758796405,0.629397306,1,1,1,1,1,
296,metF,0.772,N,0.64972614,2,0.808495152,0.647840424,0.629817724,1,1,1,1,1,
297,metL,0.779,N,3.60E-05,2,0.808495152,0,0,0,0,1,0,1,
298,glpF,0.604,N,0.808276342,4,0.808495152,0.758796405,0.630981957,1,1,1,1,1,
299,glpX,0.791,N,0.808495161,4,0.808495152,0.758796405,0.628233073,1,1,1,1,1,
300,tpiA,0.525,N,0.739579281,2,0.808495152,0.739579281,0.739579281,1,1,1,1,1,
301,pfkA,0.858,N,0.808495152,4,0.808495152,0.758796405,0.630238141,1,1,1,1,1,
302,sodA,0.755,N,0.808495152,4,0.808495152,0.758796405,0.629688364,1,1,1,1,1,
303,rhaB,0,N,0.808495152,4,0.808495152,0.758796405,0.62878285,1,1,1,1,0,
304,rhaA,0,N,0.808495152,4,0.808495152,0.758796405,0.629817724,1,1,1,1,0,
305,glnA,0.387,N,-3.22E-28,2,0.808495152,0,0,0,0,1,0,1,
306,fadB,0.733,N,0.792000281,2,0.808495152,0.792000213,0.792000213,1,1,1,1,1,
307,fadA,0.741,N,0.792000281,2,0.808495152,0.792000213,0.792000213,1,1,1,1,1,
308,metE,0.826,N,0.808495152,3,0.808495152,0.647840424,0.631240675,1,1,1,1,1,
309,wzyE,0,N,0.808495152,4,0.808495152,0.758796405,0.627295219,1,1,1,1,0,
310,wzxE,0.713,u,0.808495152,4,0.808495152,0.758796405,0.627553937,1,1,1,1,1,
311,rffH,0.715,u,0.808495152,4,0.808495152,0.758796405,0.627715636,1,1,1,1,1,
312,rffG,0.901,N,0.808495152,4,0.808495152,0.758796405,0.631046636,1,1,1,1,1,
313,ilvC,0.775,N,0.001483679,2,0.808495152,0,0,0,0,1,0,1,
314,ilvE,0.8,N,0.221962529,2,0.808495152,0.221960309,0.218435579,0,1,1,1,1,
315,rbsB,0.937,N,0.808495152,4,0.808495152,0.758796405,0.632825326,1,1,1,1,1,
316,rbsC,0.527,N,0.808495152,4,0.808495152,0.758796405,0.628944549,1,1,1,1,1,
317,rbsD,0.688,N,0.808495152,4,0.808495152,0.758796405,0.630723238,1,1,1,1,1,
318,asnA,0.726,N,0.808495152,4,0.808495152,0.758796405,0.630626219,1,1,1,1,1,
319,glmS,0,N,-6.75E-28,2,0.808495152,0,0,0,0,1,0,0,
320,pstA,0.616,N,0.808495159,4,0.808495152,0.758796405,0.628459452,1,1,1,1,1,
321,pstB,0.853,N,0.808495159,4,0.808495152,0.758796405,0.624319957,1,1,1,1,1,
322,bglB,0.809,N,0.808495152,4,0.808495152,0.758796405,0.629397306,1,1,1,1,1,
324,ilvB,0.788,N,0.808495152,2,0.808495152,0.228736903,0.225616932,1,1,1,1,1,
325,ilvN,0.776,N,0.808495152,2,0.808495152,0.228736903,0.225452241,1,1,1,1,1,
326,kbl,0.664,N,0.808495152,4,0.808495152,0.758796405,0.627553937,1,1,1,1,1,
327,yibQ,0.685,u,0.808495178,4,0.808495152,0.758796405,0.627456918,1,1,1,1,1,
328,lldD,0.916,N,0.808495152,4,0.808495152,0.758796405,0.633051704,1,1,1,1,1,
329,lldP,0.767,N,0.808495168,4,0.808495152,0.758796405,0.629850063,1,1,1,1,1,
330,mtlD,0.706,N,0.808495152,4,0.808495152,0.758796405,0.629947083,1,1,1,1,1,
331,mtlA,0.787,N,0.808495152,4,0.808495152,0.758796405,0.63039984,1,1,1,1,1,
332,aldB,0.766,N,0.808495159,4,0.808495152,0.758796405,0.628944549,1,1,1,1,1,
333,sgbE,0.783,N,0.808495152,4,0.808495152,0.758796405,0.629914743,1,1,1,1,1,
334,sgbH,0.748,N,0.808495152,4,0.808495152,0.758796405,0.631014296,1,1,1,1,1,
335,yiaN,0.806,N,0.808495152,4,0.808495152,0.758796405,0.631434714,1,1,1,1,1,
336,yiaM,0.676,N,0.808495152,4,0.808495152,0.758796405,0.628588811,1,1,1,1,1,
337,yiaK,0.739,N,0.808495152,4,0.808495152,0.758796405,0.630141122,1,1,1,1,1,
338,avtA,0.813,N,0.808495152,4,0.808495152,0.758796405,0.630723238,1,1,1,1,1,
339,dppB,0.778,N,0.808495152,4,0.808495152,0.758796405,0.632243209,1,1,1,1,1,
340,dppD,0.823,N,0.808495152,4,0.808495152,0.758796405,0.632890005,1,1,1,1,1,
341,dppF,0.742,N,0.808495152,4,0.808495152,0.758796405,0.631273015,1,1,1,1,1,
342,gadA,0.761,N,0.808495152,4,0.808495152,0.758796405,0.62871817,1,1,1,1,1,
343,arsB,0.794,N,0.808495152,4,0.808495152,0.758796405,0.632340228,1,1,1,1,1,
344,pitA,0.753,N,0.808495152,4,0.808495152,0.758796405,0.631337694,1,1,1,1,1,
345,yhiJ,0.796,N,0.808495152,4,0.808495152,0.758796405,0.633019364,1,1,1,1,1,
346,nikE,0.633,N,0.808495161,4,0.808495152,0.758796405,0.631434714,1,1,1,1,1,
347,nikD,0.751,N,0.808495161,4,0.808495152,0.758796405,0.626551403,1,1,1,1,1,
348,nikC,0.794,N,0.808495161,4,0.808495152,0.758796405,0.629688364,1,1,1,1,1,
349,nikB,0.794,N,0.808495161,4,0.808495152,0.758796405,0.631467054,1,1,1,1,1,
350,nikA,0.712,N,0.808495161,4,0.808495152,0.758796405,0.633084044,1,1,1,1,1,
351,zntA,0.783,N,0.8084952,4,0.808495152,0.758796405,0.625904607,1,1,1,1,1,
353,livJ,0.846,N,0.808495185,4,0.808495152,0.758796405,0.63208151,1,1,1,1,1,
354,livM,0.75,N,0.808495185,4,0.808495152,0.758796405,0.628459452,1,1,1,1,1,
355,ugpB,0.785,N,0.808495159,4,0.808495152,0.758796405,0.629559005,1,1,1,1,1,
356,ugpA,0.783,N,0.808495159,4,0.808495152,0.758796405,0.631531733,1,1,1,1,1,
357,glgX,0.791,N,0.808495152,4,0.808495152,0.758796405,0.632792986,1,1,1,1,1,
358,glgC,0.8,N,0.808495152,4,0.808495152,0.758796405,0.62878285,1,1,1,1,1,
359,glgP,0.7,N,0.808495152,4,0.808495152,0.758796405,0.628071374,1,1,1,1,1,
360,glpD,0.73,N,0.808495161,4,0.808495152,0.758796405,0.630690898,1,1,1,1,1,
361,glpE,0.765,N,0.808495152,4,0.808495152,0.758796405,0.630302821,1,1,1,1,1,
362,malP,0.748,N,0.808495152,4,0.808495152,0.758796405,0.625904607,1,1,1,1,1,
363,gntT,0.747,N,0.808495152,4,0.808495152,0.758796405,0.634442316,1,1,1,1,1,
364,feoB,0.869,N,0.808495161,4,0.808495152,0.758796405,0.628912209,1,1,1,1,1,
365,cysG,0.738,N,0.808495152,2,0.808495152,0,0,1,0,1,0,1,
366,nirB,0.819,N,0.80849517,4,0.808495152,0.758796405,0.627618617,1,1,1,1,1,
367,metH,0.719,N,0.808495152,3,0.808495152,0.647840424,0.630658559,1,1,1,1,1,
368,lysC,0.728,N,3.60E-05,2,0.808495152,0,0,0,0,1,0,1,
369,malG,0.677,N,0.808495152,4,0.808495152,0.758796405,0.632178529,1,1,1,1,1,
370,malF,0.64,N,0.808495152,4,0.808495152,0.758796405,0.627747976,1,1,1,1,1,
371,malE,0.662,N,0.808495152,4,0.808495152,0.758796405,0.63033516,1,1,1,1,1,
372,malK,0.658,N,0.808495152,4,0.808495152,0.758796405,0.630981957,1,1,1,1,1,
373,ubiC,0.771,N,0.808495152,2,0.808495152,0,0,1,0,1,0,1,
374,tyrB,0.777,N,0.194990738,3,0.808495152,0.194988788,0.194988788,0,1,1,1,1,
375,acs,0.824,N,0.808495161,4,0.808495152,0.758796405,0.629203267,1,1,1,1,1,
376,nrfC,0.796,N,0.808495152,4,0.808495152,0.758796405,0.629914743,1,1,1,1,1,
377,phnN,0.76,N,0.808495152,4,0.808495152,0.758796405,0.629623685,1,1,1,1,1,
378,phnL,0.792,N,0.808495152,4,0.808495152,0.758796405,0.629073908,1,1,1,1,1,
379,phnI,0.809,N,0.808495152,4,0.808495152,0.758796405,0.628621151,1,1,1,1,1,
380,phnH,0.787,N,0.808495152,4,0.808495152,0.758796405,0.631240675,1,1,1,1,1,
381,phnG,0.782,N,0.808495152,4,0.808495152,0.758796405,0.632243209,1,1,1,1,1,
382,phnC,0.73,N,0.808495152,4,0.808495152,0.758796405,0.629267947,1,1,1,1,1,
383,melB,0.888,N,0.808495152,4,0.808495152,0.758796405,0.631822792,1,1,1,1,1,
384,dcuB,0.705,N,0.808495185,4,0.808495152,0.758796405,0.625807588,1,1,1,1,1,
385,lysU,0.771,N,0.808495152,4,0.808495152,0.758796405,0.632469588,1,1,1,1,1,
386,cadA,0.766,N,0.808495152,4,0.808495152,0.758796405,0.633633821,1,1,1,1,1,
387,cadB,0.646,N,0.808495152,4,0.808495152,0.758796405,0.631919811,1,1,1,1,1,
388,frdD,0.752,N,0.808495152,4,0.808495152,0.758796405,0.632566607,1,1,1,1,1,
389,frdB,0.365,N,0.808495152,4,0.808495152,0.758796405,0.628944549,1,1,1,1,1,
390,psd,0,N,3.42E-28,2,0.808495152,0,0,0,0,1,0,0,
391,hflX,0.8,N,0.808495161,4,0.808495152,0.758796405,0.629753044,1,1,1,1,1,
392,purA,0.242,N,0.808495154,3,0.808495152,0.758796405,0.690681239,1,1,1,1,1,
393,ulaG,0.762,u,0.808495152,4,0.808495152,0.758796405,0.630981957,1,1,1,1,1,
394,ulaA,0.709,u,0.808495152,4,0.808495152,0.758796405,0.630626219,1,1,1,1,1,
395,msrA,0.741,N,0.808495152,4,0.808495152,0.758796405,0.631531733,1,1,1,1,1,
396,ytfT,0.946,u,0.808495159,4,0.808495152,0.758796405,0.626777782,1,1,1,1,1,
397,mgtA,0.729,N,0.808495174,4,0.808495152,0.758796405,0.626292685,1,1,1,1,1,
398,argI,0.765,N,0.338078785,2,0.808495152,0.338075404,0.333288257,0,1,1,1,1,
399,idnT,0.499,N,0.808495223,4,0.808495152,0.758796405,0.631564073,1,1,1,1,1,
400,idnO,0.631,N,0.808495154,4,0.808495152,0.758796405,0.625742908,1,1,1,1,1,
401,idnD,0.59,N,0.808495154,4,0.808495152,0.758796405,0.626907141,1,1,1,1,1,
402,idnK,0.775,N,0.808495152,4,0.808495152,0.758796405,0.631887471,1,1,1,1,1,
403,fecC,0.889,N,0.808495152,4,0.808495152,0.758796405,0.632695966,1,1,1,1,1,
404,fecA,0.71,N,0.808495152,4,0.808495152,0.758796405,0.633019364,1,1,1,1,1,
405,gntP,0.661,N,0.808495181,4,0.808495152,0.758796405,0.632922345,1,1,1,1,1,
406,uxuB,0.698,N,0.808495152,4,0.808495152,0.758796405,0.628103714,1,1,1,1,1,
407,deoC,0.748,N,0.797324309,2,0.808495152,0.79776479,0.79776479,1,1,1,1,1,
408,deoA,0.82,N,0.8018838,4,0.808495152,0.758796405,0.628976889,1,1,1,1,1,
409,deoD,0.784,N,0.801195923,4,0.808495152,0.758796405,0.630723238,1,1,1,1,1,
410,nadR,0.723,N,0.808495152,4,0.808495152,0.758796405,0.631564073,1,1,1,1,1,
411,caiB,0.736,N,0.808495152,4,0.808495152,0.758796405,0.631143656,1,1,1,1,1,
412,folA,0,N,0.001494768,2,0.808495152,0,0,0,0,1,0,0,
413,araD,0,N,0.808495152,4,0.808495152,0.758796405,0.63208151,1,1,1,1,0,
414,thiQ,0.872,N,0.808495152,4,0.808495152,0.758796405,0.629235607,1,1,1,1,1,
415,leuC,0.761,N,0.221960309,2,0.808495152,0.221960309,0.218852865,0,1,1,1,1,
416,ilvH,0.769,N,0.808495152,3,0.808495152,0.228736903,0.627650957,1,1,1,1,1,
417,ftsI,0,E,-2.89E-28,2,0.808495152,0,0,0,0,1,0,0,
418,mraY,0,E,1.13E-28,2,0.808495152,0,0,0,0,1,0,0,
419,cueO,0.815,u,0.808495209,4,0.808495152,0.758796405,0.628394772,1,1,1,1,1,
420,hpt,0.576,N,0.80849517,4,0.808495152,0.758796405,0.634506995,1,1,1,1,1,
421,fhuA,0.887,N,0.808495152,4,0.808495152,0.758796405,0.634862733,1,1,1,1,1,
422,fhuB,0.695,N,0.808495152,4,0.808495152,0.758796405,0.63214619,1,1,1,1,1,
423,mhpB,0.671,N,0.808495152,4,0.808495152,0.758796405,0.628200733,1,1,1,1,1,
424,mhpD,0.738,N,0.808495152,4,0.808495152,0.758796405,0.628394772,1,1,1,1,1,
425,mhpF,0.806,N,0.806639872,4,0.808495152,0.758796405,0.629688364,1,1,1,1,1,
426,mhpT,0.793,N,0.808495152,4,0.808495152,0.758796405,0.632695966,1,1,1,1,1,
427,cyoD,0.756,N,0.676827691,2,0.808495152,0.676827691,0.676827691,1,1,1,1,1,
428,cyoA,0.71,N,0.676827691,2,0.808495152,0.676827691,0.676827691,1,1,1,1,1,
429,acrA,0.759,N,0.808495168,4,0.808495152,0.758796405,0.627780316,1,1,1,1,1,
430,glxR,0.765,N,0.808495152,4,0.808495152,0.758796405,0.627424578,1,1,1,1,1,
431,entC,0.824,N,0.808495152,4,0.808495152,0.758796405,0.629914743,1,1,1,1,1,
432,citF,0.765,u,0.808495161,4,0.808495152,0.758796405,0.627942015,1,1,1,1,1,
433,citD,0.778,u,0.808495161,4,0.808495152,0.758796405,0.629364966,1,1,1,1,1,
434,lipA,0.296,N,0.808495152,4,0.808495152,0.758796405,0.631014296,1,1,1,1,1,
435,gltJ,0.725,N,0.808495168,4,0.808495152,0.758796405,0.629882403,1,1,1,1,1,
436,kdpA,0.886,N,0.808495159,4,0.808495152,0.758796405,0.627812656,1,1,1,1,1,
437,gpmA,0.61,N,0.663303041,2,0.808495152,0.663303031,0.663303031,1,1,1,1,1,
438,galT,0.723,N,0.808495152,4,0.808495152,0.758796405,0.629332626,1,1,1,1,1,
439,galE,0.713,N,0.808495152,4,0.808495152,0.758796405,0.631661093,1,1,1,1,1,
440,glnH,0.752,N,0.808495152,4,0.808495152,0.758796405,0.629947083,1,1,1,1,1,
441,potI,0.729,N,0.808495159,4,0.808495152,0.758796405,0.628265413,1,1,1,1,1,
442,artJ,0.766,N,0.808495159,4,0.808495152,0.758796405,0.629559005,1,1,1,1,1,
443,artQ,0.708,N,0.808495159,4,0.808495152,0.758796405,0.633924879,1,1,1,1,1,
444,artI,0.722,N,0.808495159,4,0.808495152,0.758796405,0.629494325,1,1,1,1,1,
445,dmsB,0.803,N,0.808495152,4,0.808495152,0.758796405,0.627456918,1,1,1,1,1,
446,focA,0.805,N,0.808495154,4,0.808495152,0.758796405,0.628039034,1,1,1,1,1,
447,ompA,0.766,N,0.598145802,2,0.808495152,0.598146739,0.598146739,1,1,1,1,1,
448,putA,0.77,N,0.808495172,4,0.808495152,0.758796405,0.626777782,1,1,1,1,1,
449,pyrC,0.487,N,0.808495152,4,0.808495152,0.758796405,0.631078976,1,1,1,1,1,
450,narH,0.765,N,0.808495152,4,0.808495152,0.758796405,0.630529199,1,1,1,1,1,
451,adhE,0.483,N,0.806639876,4,0.808495152,0.758796405,0.627974355,1,1,1,1,1,
452,trpE,0.894,N,0.808495152,4,0.808495152,0.758796405,0.630561539,1,1,1,1,1,
453,tehB,0.657,N,0.808495152,4,0.808495152,0.758796405,0.629526665,1,1,1,1,1,
454,fdnG,0.731,N,0.808495154,4,0.808495152,0.758796405,0.632760646,1,1,1,1,1,
455,fdnH,0.716,N,0.808495154,4,0.808495152,0.758796405,0.627780316,1,1,1,1,1,
456,uxaB,0.702,N,0.808495152,4,0.808495152,0.758796405,0.632372568,1,1,1,1,1,
457,uidB,0.752,N,0.808495152,4,0.808495152,0.758796405,0.629009228,1,1,1,1,1,
458,uidA,0.801,N,0.808495152,4,0.808495152,0.758796405,0.629397306,1,1,1,1,1,
459,chbG,0.478,u,0.808495152,4,0.808495152,0.758796405,0.63211385,1,1,1,1,1,
460,astB,0.67,u,0.808495152,4,0.808495152,0.758796405,0.628297753,1,1,1,1,1,
461,yeaE,0.746,u,0.808495154,4,0.808495152,0.758796405,0.628847529,1,1,1,1,1,
462,edd,0.823,N,0.808495152,4,0.808495152,0.758796405,0.629267947,1,1,1,1,1,
463,znuB,0.694,u,0.808495161,4,0.808495152,0.758796405,0.630593879,1,1,1,1,1,
464,fbaB,0.833,N,0.808495152,4,0.808495152,0.758796405,0.630884937,1,1,1,1,1,
465,yehX,0.693,N,0.808495165,4,0.808495152,0.758796405,0.629364966,1,1,1,1,1,
466,cirA,0.784,N,0.808495152,4,0.808495152,0.758796405,0.62878285,1,1,1,1,1,
467,ccmE,0.824,N,0.808495608,4,0.808495152,0.758796405,0.631337694,1,1,1,1,1,
468,ccmA,0.782,N,0.808495608,4,0.808495152,0.758796405,0.632857665,1,1,1,1,1,
469,napA,0.801,N,0.808495161,4,0.808495152,0.758796405,0.625581209,1,1,1,1,1,
470,atoE,0.735,N,0.808495172,4,0.808495152,0.758796405,0.633860199,1,1,1,1,1,
471,atoB,0.809,N,0.792000281,2,0.808495152,0.792000213,0.792000213,1,1,1,1,1,
472,glpQ,0.764,N,0.808495152,4,0.808495152,0.758796405,0.62878285,1,1,1,1,1,
473,glpA,0.739,N,0.808495178,4,0.808495152,0.758796405,0.631111316,1,1,1,1,1,
474,nuoI,0.556,N,0.808495152,2,0.808495152,0.644382756,0.644382756,1,1,1,1,1,
475,nuoG,0.588,N,0.808495152,10,0.808495152,0.644382756,0.758796405,1,1,1,1,1,
476,purF,0.566,N,0.808495152,2,0.808495152,0,0,1,0,1,0,1,
477,xapB,0.838,N,0.803718537,4,0.808495152,0.758796405,0.630852597,1,1,1,1,1,
478,cysK,0.806,N,0.808495152,3,0.808495152,0.758796405,0.627327558,1,1,1,1,1,
479,cysA,0.715,N,0.808495159,3,0.808495152,0,0.627877335,1,1,1,0,1,
480,maeB,0.85,N,0.808495159,4,0.808495152,0.758796405,0.625775248,1,1,1,1,1,
481,hyfH,0.76,N,0.808495154,4,0.808495152,0.758796405,0.628879869,1,1,1,1,1,
482,focB,0.719,N,0.808495154,4,0.808495152,0.758796405,0.629591345,1,1,1,1,1,
483,pbpC,0.834,N,0.808495152,2,0.808495152,0,0,1,0,1,0,1,
484,iscA,0.486,u,0.808491274,2,0.808495152,0,0,1,0,1,0,1,
485,iscS,0.329,u,0.808491274,2,0.808495152,0,0,1,0,1,0,1,
486,hcaC,0.785,N,0.808495152,4,0.808495152,0.758796405,0.626939481,1,1,1,1,1,
487,glyA,0.668,N,0.801674824,4,0.808495152,0.758796405,0.62710118,1,1,1,1,1,
488,nadB,0.714,N,0.808495161,2,0.808495152,0,0,1,0,1,0,1,
489,nrdE,0.789,N,0.808495161,4,0.808495152,0.758796405,0.629526665,1,1,1,1,1,
490,norW,0.731,N,0.808495168,4,0.808495152,0.758796405,0.630302821,1,1,1,1,1,
491,hycE,0.783,N,0.808495155,4,0.808495152,0.758796405,0.630141122,1,1,1,1,1,
492,hypB,0.783,N,0.808495161,4,0.808495152,0.758796405,0.631273015,1,1,1,1,1,
493,cysC,0.79,N,0.808139582,3,0.808495152,0.758796405,0.628136054,1,1,1,1,1,
494,cysH,0.814,N,0.808495152,3,0.808495152,0.758796405,0.631046636,1,1,1,1,1,
495,fucO,0.749,N,0.808495152,4,0.808495152,0.758796405,0.626066306,1,1,1,1,1,
496,fucA,0.699,N,0.808495152,4,0.808495152,0.758796405,0.626971821,1,1,1,1,1,
497,fldB,0.771,N,0.000418585,2,0.808495152,0,0,0,0,1,0,1,
498,speB,0.959,N,0.808495152,4,0.808495152,0.758796405,0.629073908,1,1,1,1,1,
499,glcF,0.764,u,0.808495152,4,0.808495152,0.758796405,0.629397306,1,1,1,1,1,
500,pitB,0.625,N,0.808495152,4,0.808495152,0.758796405,0.626130986,1,1,1,1,1,
501,hybA,0.745,N,0.808495155,4,0.808495152,0.758796405,0.627683296,1,1,1,1,1,
502,hybO,0.819,N,0.808495155,4,0.808495152,0.758796405,0.630852597,1,1,1,1,1,
503,bacA,0.647,N,0.808495152,2,0.808495152,0,0,1,0,1,0,1,
504,uxaC,0.841,N,0.808495152,4,0.808495152,0.758796405,0.63039984,1,1,1,1,1,
505,mdh,0.536,N,0.804587252,4,0.808495152,0.758796405,0.628394772,1,1,1,1,1,
506,ppc,0.895,N,0.794481192,2,0.808495152,0.794481182,0.794481182,1,1,1,1,1,
507,rhaT,0.748,N,0.808495152,4,0.808495152,0.758796405,0.632663626,1,1,1,1,1,
508,dsbA,0.316,N,0.808495152,4,0.808495152,0.758796405,0.630658559,1,1,1,1,1,
509,udp,0.773,N,0.808021849,4,0.808495152,0.758796405,0.631919811,1,1,1,1,1,
510,trxA,0.742,N,0.808495178,4,0.808495152,0.758796405,0.629364966,1,1,1,1,1,
511,ilvD,0.758,N,0.228736903,2,0.808495152,0.228736903,0.225589484,0,1,1,1,1,
512,tnaB,0.566,N,0.804256709,4,0.808495152,0.758796405,0.628621151,1,1,1,1,1,
513,lyxK,0.658,N,0.808495152,4,0.808495152,0.758796405,0.629397306,1,1,1,1,1,
514,xylG,0.802,N,0.808495159,4,0.808495152,0.758796405,0.62875051,1,1,1,1,1,
515,xylF,0.76,N,0.808495159,4,0.808495152,0.758796405,0.630690898,1,1,1,1,1,
516,dppA,0.723,N,0.808495152,4,0.808495152,0.758796405,0.627262879,1,1,1,1,1,
517,arsC,0.802,N,0.808495152,4,0.808495152,0.758796405,0.631855131,1,1,1,1,1,
518,ugpQ,0.858,N,0.808495152,4,0.808495152,0.758796405,0.631111316,1,1,1,1,1,
519,malQ,0.816,N,0.808495152,4,0.808495152,0.758796405,0.624578675,1,1,1,1,1,
520,nirC,0.789,N,0.808495152,4,0.808495152,0.758796405,0.630723238,1,1,1,1,1,
521,pgi,0.639,N,0.794328508,2,0.808495152,0.808495152,0.808495152,1,1,1,1,1,
522,nrfA,0.805,N,0.808495152,4,0.808495152,0.758796405,0.629526665,1,1,1,1,1,
523,nrfB,0.794,N,0.808495152,4,0.808495152,0.758796405,0.631564073,1,1,1,1,1,
524,phnJ,0.831,N,0.808495152,4,0.808495152,0.758796405,0.63208151,1,1,1,1,1,
525,phnD,0.602,N,0.808495152,4,0.808495152,0.758796405,0.633019364,1,1,1,1,1,
526,adiC,0.801,N,0.808495152,4,0.808495152,0.758796405,0.629203267,1,1,1,1,1,
527,adiA,0.717,N,0.808495152,4,0.808495152,0.758796405,0.63211385,1,1,1,1,1,
528,fumB,0.86,N,0.802605764,4,0.808495152,0.758796405,0.630108782,1,1,1,1,1,
529,dcuA,0.647,N,0.808495178,4,0.808495152,0.758796405,0.629203267,1,1,1,1,1,
530,ulaB,0.71,u,0.808495152,4,0.808495152,0.758796405,0.628847529,1,1,1,1,1,
531,ulaF,0.493,u,0.808495152,4,0.808495152,0.758796405,0.631984491,1,1,1,1,1,
532,ytfE,0.655,u,0.808470978,4,0.808495152,0.758796405,0.628039034,1,1,1,1,1,
533,mpl,0.75,N,0.808495152,4,0.808495152,0.758796405,0.627489258,1,1,1,1,1,
534,treC,0.433,N,0.808495152,4,0.808495152,0.758796405,0.631499393,1,1,1,1,1,
535,fecE,0.805,N,0.808495152,4,0.808495152,0.758796405,0.628394772,1,1,1,1,1,
536,uxuA,0.657,N,0.808495152,4,0.808495152,0.758796405,0.629979423,1,1,1,1,1,
537,fhuF,0.762,N,0.808495152,4,0.808495152,0.758796405,0.628556471,1,1,1,1,1,
538,deoB,0.789,N,0.797324309,2,0.808495152,0.797324299,0.797324299,1,1,1,1,1,
539,murD,0,E,5.52E-29,2,0.808495152,0,0,0,0,1,0,0,
540,ftsW,0,E,0,2,0.808495152,0,0,0,0,1,0,0,
541,fhuD,0.822,N,0.808495152,4,0.808495152,0.758796405,0.629170927,1,1,1,1,1,
542,dapD,0,N,-2.17E-59,2,0.808495152,0,0,0,0,1,0,0,
543,lpxD,0,E,0,2,0.808495152,0,0,0,0,1,0,0,
544,lpxA,0,E,-4.43E-28,2,0.808495152,0,0,0,0,1,0,0,
545,metI,0.77,u,0.797772405,2,0.808495152,0.797772395,0.797772395,1,1,1,1,1,
546,fadE,0.75,u,0.792000213,2,0.808495152,0.792000213,0.792000213,1,1,1,1,1,
547,phoE,0.752,N,0,2,0.808495152,0.808495152,0.808495152,0,1,1,1,1,
548,prpD,0.762,N,0.808495152,4,0.808495152,0.758796405,0.628233073,1,1,1,1,1,
549,cynX,0.691,N,0.808495152,4,0.808495152,0.758796405,0.62875051,1,1,1,1,1,
550,cyoE,0.505,N,0.808495152,4,0.808495152,0.758796405,0.628297753,1,1,1,1,1,
551,hemH,0,N,0.808495152,2,0.808495152,0,0,1,0,1,0,0,
552,allA,0.757,N,0.807174402,4,0.808495152,0.758796405,0.631790452,1,1,1,1,1,
553,entF,0.811,N,0.808495152,4,0.808495152,0.758796405,0.628394772,1,1,1,1,1,
554,entB,0.694,N,0.808495152,4,0.808495152,0.758796405,0.632663626,1,1,1,1,1,
555,dsbG,0.854,N,0.80849539,4,0.808495152,0.758796405,0.631628753,1,1,1,1,1,
556,gltK,0.701,N,0.808495168,4,0.808495152,0.758796405,0.627521597,1,1,1,1,1,
557,gltA,0.841,N,0.279019933,2,0.808495152,0.279019933,0.274812313,0,1,1,1,1,
558,sdhB,0.33,N,0.806345336,4,0.808495152,0.758796405,0.630173461,1,1,1,1,1,
559,moaA,0.911,N,0.808495152,4,0.808495152,0.758796405,0.628330092,1,1,1,1,1,
560,moaD,0.855,N,0.808495152,4,0.808495152,0.758796405,0.632210869,1,1,1,1,1,
561,fiu,0.764,N,0.808495152,4,0.808495152,0.758796405,0.627295219,1,1,1,1,1,
562,potG,0.487,N,0.808495159,4,0.808495152,0.758796405,0.63201683,1,1,1,1,1,
563,cydD,0.608,N,0.80849517,4,0.808495152,0.758796405,0.627198199,1,1,1,1,1,
564,pflB,0.817,N,0.808495181,4,0.808495152,0.758796405,0.631370034,1,1,1,1,1,
565,serC,0.725,N,3.60E-05,3,0.808495152,0,0.632534267,0,1,1,0,1,
566,aroA,0.394,N,0.53976736,2,0.808495152,0,0,1,0,1,0,1,
567,ssuA,0.811,N,0.808495152,4,0.808495152,0.758796405,0.628330092,1,1,1,1,1,
568,ndh,0.779,N,0.808495172,4,0.808495152,0.758796405,0.626519063,1,1,1,1,1,
569,hemA,0,N,3.45E-27,2,0.808495152,0,0,0,0,1,0,0,
570,narK,0.764,N,0.808495152,4,0.808495152,0.758796405,0.62700416,1,1,1,1,1,
571,oppC,0.74,N,0.808495152,4,0.808495152,0.758796405,0.629947083,1,1,1,1,1,
572,oppD,0.671,N,0.808495152,4,0.808495152,0.758796405,0.631434714,1,1,1,1,1,
573,tonB,0.841,N,0.808495152,4,0.808495152,0.758796405,0.629526665,1,1,1,1,1,
574,ribA,0,N,0.808495152,2,0.808495152,0,0,1,0,1,0,0,
575,puuD,0.774,N,0.808495152,4,0.808495152,0.758796405,0.629009228,1,1,1,1,1,
576,paaD,0.779,N,0.808495152,4,0.808495152,0.758796405,0.626616083,1,1,1,1,1,
577,tam,0.706,N,0.808495152,4,0.808495152,0.758796405,0.628621151,1,1,1,1,1,
578,ynfE,0.687,N,0.808495152,4,0.808495152,0.758796405,0.631822792,1,1,1,1,1,
579,sodB,0.741,N,0.808495152,4,0.808495152,0.758796405,0.629106248,1,1,1,1,1,
580,sufC,0.754,N,0.808495157,4,0.808495152,0.756640055,0.632857665,1,1,1,1,1,
581,katE,0.808,N,0.808495152,4,0.808495152,0.758796405,0.628491792,1,1,1,1,1,
582,chbF,0.761,N,0.808495152,4,0.808495152,0.758796405,0.631111316,1,1,1,1,1,
583,chbC,0.707,N,0.808495152,4,0.808495152,0.758796405,0.629106248,1,1,1,1,1,
584,astE,0.886,u,0.808495152,4,0.808495152,0.758796405,0.631693432,1,1,1,1,1,
585,sdaA,0.785,N,0.808495163,4,0.808495152,0.758796405,0.629235607,1,1,1,1,1,
586,manX,0.71,N,0.808495152,2,0.808495152,0.789593143,0.789593143,1,1,1,1,1,
587,znuC,0.781,u,0.808495161,4,0.808495152,0.758796405,0.629397306,1,1,1,1,1,
588,araF,0.892,N,0.808495159,4,0.808495152,0.758796405,0.629397306,1,1,1,1,1,
589,gnd,0.781,N,0.80056543,4,0.808495152,0.758796405,0.628944549,1,1,1,1,1,
591,wbbK,0.771,N,0.808495152,4,0.808495152,0.758796405,0.630884937,1,1,1,1,1,
592,cdd,0.752,N,0.804608243,4,0.808495152,0.758796405,0.631240675,1,1,1,1,1,
593,mglC,0.79,N,0.808495165,4,0.808495152,0.758796405,0.627683296,1,1,1,1,1,
594,fruK,0.794,N,0.808495152,4,0.808495152,0.758796405,0.630173461,1,1,1,1,1,
595,ubiG,0.274,N,0.808495152,4,0.808495152,0.758796405,0.62875051,1,1,1,1,1,
596,nuoE,0.395,N,0.808495152,2,0.808495152,0.644382756,0.644382756,1,1,1,1,1,
597,fabB,0,E,0.808495161,2,0.808495152,0,0,1,0,1,0,0,
598,dsdA,0.788,N,0.808495163,4,0.808495152,0.758796405,0.628103714,1,1,1,1,1,
599,glk,0.906,N,0.808495152,4,0.808495152,0.758796405,0.628621151,1,1,1,1,1,
600,ptsI,0.681,N,0.789593143,2,0.808495152,0.789593143,0.789593143,1,1,1,1,1,
601,cysW,0.672,N,0.808495159,3,0.808495152,0,0.632857665,1,1,1,0,1,
602,cysP,0.746,N,0.808495159,3,0.808495152,0,0.629947083,1,1,1,0,1,
603,amiA,0.823,N,0.808495152,4,0.808495152,0.758796405,0.630690898,1,1,1,1,1,
604,hemF,0.804,N,0.80847582,4,0.808495152,0.758796405,0.630884937,1,1,1,1,1,
605,hyfA,0.679,N,0.808495154,4,0.808495152,0.758796405,0.631305355,1,1,1,1,1,
606,hyfF,0.725,N,0.808495154,4,0.808495152,0.758796405,0.626745442,1,1,1,1,1,
607,uraA,0.751,N,0.808495154,4,0.808495152,0.758796405,0.629914743,1,1,1,1,1,
608,aroF,0.729,N,0.808495152,4,0.808495152,0.758796405,0.629429646,1,1,1,1,1,
609,gabD,0.79,N,0.808495152,4,0.808495152,0.758796405,0.629138588,1,1,1,1,1,
610,gabP,0.685,N,0.808495152,4,0.808495152,0.758796405,0.630076442,1,1,1,1,1,
611,srlA,0.681,N,0.808495152,4,0.808495152,0.758796405,0.629203267,1,1,1,1,1,
612,srlD,0.695,N,0.808495152,4,0.808495152,0.758796405,0.63201683,1,1,1,1,1,
613,gcvH,0.643,N,0.80849517,4,0.808495152,0.758796405,0.631175995,1,1,1,1,1,
614,argO,0.723,u,0.808495161,4,0.808495152,0.758796405,0.629979423,1,1,1,1,1,
615,ansB,0.594,N,0.80849517,4,0.808495152,0.758796405,0.631434714,1,1,1,1,1,
616,metC,0.729,N,0.808495172,3,0.808495152,0.64972614,0.629914743,1,1,1,1,1,
617,dkgA,0.852,N,0.808495154,4,0.808495152,0.758796405,0.634668694,1,1,1,1,1,
618,tolC,0.782,N,0.807839398,4,0.808495152,0.758796405,0.630496859,1,1,1,1,1,
619,tdcE,0.781,N,0.808495181,4,0.808495152,0.758796405,0.63039984,1,1,1,1,1,
620,garK,0.813,u,0.808495152,4,0.808495152,0.758796405,0.629235607,1,1,1,1,1,
621,metB,0.768,N,0.64972614,2,0.808495152,0.64972614,0.626971821,1,1,1,1,1,
622,glpK,0.771,N,0.808495152,4,0.808495152,0.758796405,0.626713102,1,1,1,1,1,
623,cyaA,0.324,N,0.808495152,3,0.808495152,0.758796405,0.686671103,1,1,1,1,1,
624,ilvA,0.751,N,0.808495152,3,0.808495152,0.344199718,0.628621151,1,1,1,1,1,
625,rbsK,0.596,N,0.808495152,4,0.808495152,0.758796405,0.63544485,1,1,1,1,1,
626,pstS,0.636,N,0.808495159,4,0.808495152,0.758796405,0.631822792,1,1,1,1,1,
627,pstC,0.658,N,0.808495159,4,0.808495152,0.758796405,0.629526665,1,1,1,1,1,
628,uhpT,0.819,N,0.808495152,4,0.808495152,0.758796405,0.629947083,1,1,1,1,1,
629,sgbU,0.803,N,0.808495152,4,0.808495152,0.758796405,0.629138588,1,1,1,1,1,
630,yiaO,0.657,N,0.808495152,4,0.808495152,0.758796405,0.635283151,1,1,1,1,1,
631,xylH,0.753,N,0.808495159,4,0.808495152,0.758796405,0.62868583,1,1,1,1,1,
632,livK,0.778,N,0.808495159,4,0.808495152,0.758796405,0.631952151,1,1,1,1,1,
633,gntK,0.739,N,0.808495152,4,0.808495152,0.758796405,0.632437248,1,1,1,1,1,
634,lamB,0.804,N,0.808495152,4,0.808495152,0.758796405,0.627974355,1,1,1,1,1,
635,actP,0.768,N,0.808495152,4,0.808495152,0.758796405,0.627683296,1,1,1,1,1,
636,fdhF,0.678,N,0.808495154,4,0.808495152,0.758796405,0.633439782,1,1,1,1,1,
637,phnM,0.716,N,0.808495152,4,0.808495152,0.758796405,0.630173461,1,1,1,1,1,
638,aspA,0.36,N,0.808495154,4,0.808495152,0.758796405,0.630205801,1,1,1,1,1,
639,frdC,0.849,N,0.808495152,4,0.808495152,0.758796405,0.629526665,1,1,1,1,1,
640,frdA,0.8,N,0.808495152,4,0.808495152,0.758796405,0.630011762,1,1,1,1,1,
641,nrdG,0.778,N,0.808495152,4,0.808495152,0.758796405,0.630917277,1,1,1,1,1,
642,fecB,0.749,N,0.808495152,4,0.808495152,0.758796405,0.629429646,1,1,1,1,1,
643,pdxA,0.709,N,0.808495152,4,0.808495152,0.758796405,0.628588811,1,1,1,1,1,
644,araB,0,N,0.808495152,4,0.808495152,0.758796405,0.629429646,1,1,1,1,0,
645,setA,0.695,N,0.808495152,4,0.808495152,0.758796405,0.63201683,1,1,1,1,1,
646,ilvI,0.765,N,0.808495152,3,0.808495152,0.228736903,0.626777782,1,1,1,1,1,
647,murE,0,E,-1.27E-27,2,0.808495152,0,0,0,0,1,0,0,
648,murF,0,E,-1.23E-31,2,0.808495152,0,0,0,0,1,0,0,
649,aroP,0.806,N,0.786524357,2,0.808495152,0.78652406,0.78652406,1,1,1,1,1,
650,aceF,0.771,N,0.760789563,2,0.808495152,0.760789563,0.760789563,1,1,1,1,1,
651,acnB,0.704,N,0.279020863,3,0.808495152,0.279019933,0.627877335,0,1,1,1,1,
652,hemL,0,N,1.14E-28,2,0.808495152,0,0,0,0,1,0,0,
653,argF,0.757,N,0.338078785,2,0.808495152,0.338075404,0.333234165,0,1,1,1,1,
654,betA,0.818,N,0.808495152,4,0.808495152,0.758796405,0.628847529,1,1,1,1,1,
655,betT,0.82,N,0.808495152,4,0.808495152,0.758796405,0.627327558,1,1,1,1,1,
656,prpB,0.8,N,0.808495152,4,0.808495152,0.758796405,0.628265413,1,1,1,1,1,
657,codB,0.712,N,0.808495152,4,0.808495152,0.758796405,0.627877335,1,1,1,1,1,
658,codA,0.778,N,0.808495152,4,0.808495152,0.758796405,0.628136054,1,1,1,1,1,
659,cynS,0.807,N,0.808495152,4,0.808495152,0.758796405,0.627165859,1,1,1,1,1,
660,lacZ,0,N,0.808495152,4,0.808495152,0.758796405,0.626519063,1,1,1,1,0,
661,mhpA,0.878,N,0.808495152,4,0.808495152,0.758796405,0.63046452,1,1,1,1,1,
662,mhpE,0.796,N,0.808495152,4,0.808495152,0.758796405,0.628847529,1,1,1,1,1,
663,tauC,0.731,N,0.808495152,4,0.808495152,0.758796405,0.63211385,1,1,1,1,1,
664,phoA,0.808,N,0.808495152,2,0.808495152,0.808495152,0.808495152,1,1,1,1,1,
665,cyoC,0.705,N,0.676827691,2,0.808495152,0.676827691,0.676827691,1,1,1,1,1,
666,acrB,0.791,N,0.808495168,4,0.808495152,0.758796405,0.628847529,1,1,1,1,1,
667,allB,0.761,N,0.806883684,4,0.808495152,0.758796405,0.625807588,1,1,1,1,1,
668,cusC,0.779,N,0.808495154,4,0.808495152,0.758796405,0.628297753,1,1,1,1,1,
669,ybdG,0.816,N,0.808495152,4,0.808495152,0.758796405,0.6303675,1,1,1,1,1,
670,entD,0,N,0.808495152,4,0.808495152,0.758796405,0.63366616,1,1,1,1,0,
671,fepA,0.826,N,0.808495152,4,0.808495152,0.758796405,0.629138588,1,1,1,1,1,
672,fes,0.409,N,0.808495152,4,0.808495152,0.758796405,0.62878285,1,1,1,1,1,
673,entA,0.791,N,0.808495152,4,0.808495152,0.758796405,0.628200733,1,1,1,1,1,
674,gltL,0.757,N,0.808495168,4,0.808495152,0.758796405,0.628491792,1,1,1,1,1,
675,gltI,0.717,u,0.808495168,4,0.808495152,0.758796405,0.634668694,1,1,1,1,1,
676,nagA,0.752,N,0.808495152,4,0.808495152,0.758796405,0.630205801,1,1,1,1,1,
677,nagE,0.722,N,0.808495152,4,0.808495152,0.758796405,0.634830394,1,1,1,1,1,
678,sdhA,0.434,N,0.806345336,4,0.808495152,0.758796405,0.629720704,1,1,1,1,1,
679,mngA,0.736,N,0.808495152,4,0.808495152,0.758796405,0.628912209,1,1,1,1,1,
680,mngB,0.815,N,0.808495152,4,0.808495152,0.758796405,0.624740374,1,1,1,1,1,
681,cydB,0.525,N,0.808495157,4,0.808495152,0.758796405,0.63033516,1,1,1,1,1,
682,aroG,0.467,N,0.808495152,4,0.808495152,0.758796405,0.627359898,1,1,1,1,1,
683,galM,0.788,N,0.808495152,4,0.808495152,0.758796405,0.629073908,1,1,1,1,1,
684,modA,0.874,N,0.808495159,2,0.808495152,0,0,1,0,1,0,1,
685,bioA,0.733,N,0.808495152,2,0.808495152,0,0,1,0,1,0,1,
686,bioB,0.861,N,0.808495152,2,0.808495152,0,0,1,0,1,0,1,
687,bioC,0.802,N,0.808495152,2,0.808495152,0,0,1,0,1,0,1,
688,bioD,0.792,N,0.808495152,2,0.808495152,0,0,1,0,1,0,1,
689,moaC,0.82,N,0.808495152,4,0.808495152,0.758796405,0.630949617,1,1,1,1,1,
690,potH,0.769,N,0.808495159,4,0.808495152,0.758796405,0.628071374,1,1,1,1,1,
691,artM,0.72,N,0.808495159,4,0.808495152,0.758796405,0.628233073,1,1,1,1,1,
692,dmsA,0.703,N,0.808495152,4,0.808495152,0.758796405,0.629914743,1,1,1,1,1,
693,dmsC,0.801,N,0.808495152,4,0.808495152,0.758796405,0.629785384,1,1,1,1,1,
694,aspC,0.614,N,0.194990738,3,0.808495152,0.194988788,0.194988788,0,1,1,1,1,
695,ssuE,0.473,N,0.808495154,4,0.808495152,0.758796405,0.631434714,1,1,1,1,1,
696,torC,0.704,N,0.808495152,4,0.808495152,0.758796405,0.630205801,1,1,1,1,1,
697,wrbA,0.766,N,0.808495172,4,0.808495152,0.758796405,0.632340228,1,1,1,1,1,
698,dadA,0.688,N,0.808495154,4,0.808495152,0.758796405,0.630238141,1,1,1,1,1,
699,dhaK,0.804,u,0.808495152,4,0.808495152,0.758796405,0.628653491,1,1,1,1,1,
700,oppF,0.776,N,0.808495152,4,0.808495152,0.758796405,0.629817724,1,1,1,1,1,
701,trpB,0.454,N,0.808495174,4,0.808495152,0.758796405,0.628297753,1,1,1,1,1,
702,feaB,0.768,N,0.808495152,4,0.808495152,0.758796405,0.627521597,1,1,1,1,1,
703,paaC,0.771,N,0.808495152,4,0.808495152,0.758796405,0.62713352,1,1,1,1,1,
704,paaG,0.808,N,0.808495152,4,0.808495152,0.758796405,0.628136054,1,1,1,1,1,
705,paaI,0.733,N,0.808495152,4,0.808495152,0.758796405,0.629041568,1,1,1,1,1,
706,paaK,0.72,N,0.808495152,4,0.808495152,0.758796405,0.633860199,1,1,1,1,1,
707,lsrD,0.432,N,0.808495152,4,0.808495152,0.758796405,0.631208335,1,1,1,1,1,
708,lsrF,0.749,N,0.808484848,4,0.808495152,0.758796405,0.62868583,1,1,1,1,1,
709,ydeA,0.714,N,0.808495157,4,0.808495152,0.758796405,0.632792986,1,1,1,1,1,
710,sufE,0.787,N,0.808495152,4,0.808495152,0.756640055,0.633633821,1,1,1,1,1,
711,sufB,0.759,N,0.808495157,4,0.808495152,0.756640055,0.628168393,1,1,1,1,1,
712,astD,0.821,u,0.808495152,4,0.808495152,0.758796405,0.631467054,1,1,1,1,1,
713,araG,0.699,N,0.808495159,4,0.808495152,0.758796405,0.627392238,1,1,1,1,1,
714,shiA,0.676,N,0.808495152,4,0.808495152,0.758796405,0.627198199,1,1,1,1,1,
715,amn,0.771,N,0.808495161,4,0.808495152,0.758796405,0.63214619,1,1,1,1,1,
716,wbbI,0.753,N,0.808495152,4,0.808495152,0.758796405,0.630108782,1,1,1,1,1,
717,gatB,0.783,N,0.808495152,4,0.808495152,0.758796405,0.629203267,1,1,1,1,1,
718,gatY,0.791,N,0.808495152,4,0.808495152,0.758796405,0.626130986,1,1,1,1,1,
719,ccmB,0.833,N,0.808495608,4,0.808495152,0.758796405,0.630658559,1,1,1,1,1,
720,napB,0.762,N,0.808495161,4,0.808495152,0.758796405,0.632631287,1,1,1,1,1,
721,atoA,0.772,N,0.808495152,4,0.808495152,0.758796405,0.631143656,1,1,1,1,1,
722,nrdB,0,E,0.808495161,4,0.808495152,0.758796405,0.630270481,1,1,1,1,0,
723,glpB,0.781,N,0.808495178,4,0.808495152,0.758796405,0.633148724,1,1,1,1,1,
724,glpC,0.806,N,0.808495178,4,0.808495152,0.758796405,0.632340228,1,1,1,1,1,
725,nuoH,0.567,N,0.808495152,2,0.808495152,0.644382756,0.644382756,1,1,1,1,1,
726,nuoF,0.498,N,0.808495152,2,0.808495152,0.644382756,0.644382756,1,1,1,1,1,
727,nuoC,0.532,N,0.808495152,2,0.808495152,0.644382756,0.644382756,1,1,1,1,1,
728,nuoA,0.561,N,0.808495152,2,0.808495152,0.644382756,0.644382756,1,1,1,1,1,
729,hisP,0.853,N,0.808495178,4,0.808495152,0.758796405,0.629138588,1,1,1,1,1,
730,hisQ,0.805,N,0.808495178,4,0.808495152,0.758796405,0.626616083,1,1,1,1,1,
731,fadL,0.781,N,0.808495152,4,0.808495152,0.758796405,0.626939481,1,1,1,1,1,
732,nupC,0.749,N,0.808495152,2,0.808495152,0.795154275,0.795154275,1,1,1,1,1,
733,gltX,0,E,-3.46E-29,2,0.808495152,0,0,0,0,1,0,0,
734,crr,0.826,N,0.808495152,2,0.808495152,0.789593143,0.789593143,1,1,1,1,1,
735,cysM,0.809,N,0.808495152,3,0.808495152,0.758796405,0.627974355,1,1,1,1,1,
736,cysU,0.796,N,0.808495159,3,0.808495152,0,0.626066306,1,1,1,0,1,
737,purC,0.439,N,0.808495152,3,0.808495152,0.758796405,0.69213653,1,1,1,1,1,
738,hyfB,0.793,N,0.808495154,4,0.808495152,0.758796405,0.631790452,1,1,1,1,1,
739,hyfC,0.941,N,0.808495154,4,0.808495152,0.758796405,0.626389704,1,1,1,1,1,
740,hyfG,0.795,N,0.808495154,4,0.808495152,0.758796405,0.628362432,1,1,1,1,1,
741,purM,0.526,N,0.808495152,2,0.808495152,0,0,1,0,1,0,1,
742,hmp,0.728,N,0.808495154,4,0.808495152,0.758796405,0.629494325,1,1,1,1,1,
743,nrdF,0.665,N,0.808495161,4,0.808495152,0.758796405,0.6303675,1,1,1,1,1,
744,cysN,0.797,N,0.808139582,3,0.808495152,0.758796405,0.629720704,1,1,1,1,1,
745,gudX,0.777,N,0.808495152,4,0.808495152,0.758796405,0.626777782,1,1,1,1,1,
746,araE,0.71,N,0.808495152,4,0.808495152,0.758796405,0.629300287,1,1,1,1,1,
747,serA,0.856,N,0.796457675,2,0.808495152,0.796457665,0.796457665,1,1,1,1,1,
748,epd,0.844,N,0.808494561,4,0.808495152,0.758796405,0.630949617,1,1,1,1,1,
749,exbB,0.668,N,0.808495152,4,0.808495152,0.758796405,0.630302821,1,1,1,1,1,
750,yqhD,0.791,N,0.808495159,4,0.808495152,0.758796405,0.62875051,1,1,1,1,1,
751,ttdA,0.711,N,0.808495152,4,0.808495152,0.758796405,0.628394772,1,1,1,1,1,
752,tdcB,0.786,N,0.808495163,2,0.808495152,0.344199718,0.338981651,1,1,1,1,1,
753,garR,0.803,u,0.808495152,4,0.808495152,0.758796405,0.635024432,1,1,1,1,1,
754,garP,0.745,u,0.808495204,4,0.808495152,0.758796405,0.633116384,1,1,1,1,1,
755,kbaY,0.613,u,0.808495152,4,0.808495152,0.758796405,0.632792986,1,1,1,1,1,
756,argG,0.698,N,0.338075404,2,0.808495152,0.338075404,0.33312598,0,1,1,1,1,
757,nanT,0.821,N,0.808495152,4,0.808495152,0.758796405,0.628265413,1,1,1,1,1,
758,nanA,0.669,N,0.808495152,4,0.808495152,0.758796405,0.628524131,1,1,1,1,1,
759,murI,0,E,2.62E-27,2,0.808495152,0,0,0,0,1,0,0,
760,argB,0.709,N,0.338075404,2,0.808495152,0.338075404,0.333220642,0,1,1,1,1,
761,gldA,0.673,N,0.808495154,4,0.808495152,0.758796405,0.63211385,1,1,1,1,1,
762,fpr,0.823,N,0.808495154,4,0.808495152,0.758796405,0.627359898,1,1,1,1,1,
763,rhaD,0,N,0.808495152,4,0.808495152,0.758796405,0.630723238,1,1,1,1,0,
764,wzzE,0.818,u,0.808495152,4,0.808495152,0.758796405,0.631596413,1,1,1,1,1,
765,rbsA,0.497,N,0.808495152,4,0.808495152,0.758796405,0.631337694,1,1,1,1,1,
766,glmU,0,E,0,2,0.808495152,0,0,0,0,1,0,0,
767,bglF,0.709,N,0.808495152,4,0.808495152,0.758796405,0.627456918,1,1,1,1,1,
768,tnaA,0.766,N,0.807839149,4,0.808495152,0.758796405,0.632469588,1,1,1,1,1,
769,tdh,0.771,N,0.808495169,4,0.808495152,0.758796405,0.628944549,1,1,1,1,1,
770,malS,0.75,N,0.808495152,4,0.808495152,0.758796405,0.628071374,1,1,1,1,1,
771,xylA,0.765,N,0.808495152,4,0.808495152,0.758796405,0.63046452,1,1,1,1,1,
772,xylB,0.815,N,0.808495152,4,0.808495152,0.758796405,0.629009228,1,1,1,1,1,
773,dppC,0.772,N,0.808495152,4,0.808495152,0.758796405,0.627327558,1,1,1,1,1,
774,dctA,0.746,N,0.80849517,4,0.808495152,0.758796405,0.630108782,1,1,1,1,1,
775,gor,0.423,N,0.808495152,4,0.808495152,0.758796405,0.629267947,1,1,1,1,1,
776,livH,0.783,N,0.808495185,4,0.808495152,0.758796405,0.632340228,1,1,1,1,1,
777,livG,0.745,N,0.808495185,4,0.808495152,0.758796405,0.628459452,1,1,1,1,1,
778,livF,0.849,N,0.808495185,4,0.808495152,0.758796405,0.629009228,1,1,1,1,1,
779,ugpE,0.819,N,0.808495159,4,0.808495152,0.758796405,0.636512063,1,1,1,1,1,
780,ugpC,0.782,N,0.808495159,4,0.808495152,0.758796405,0.63204917,1,1,1,1,1,
781,glgB,0.746,N,0.808495152,4,0.808495152,0.758796405,0.629688364,1,1,1,1,1,
782,glgA,0.779,N,0.808495152,4,0.808495152,0.758796405,0.626195665,1,1,1,1,1,
783,pck,0.722,N,0.808495161,4,0.808495152,0.758796405,0.63211385,1,1,1,1,1,
784,nirD,0.811,N,0.80849517,4,0.808495152,0.758796405,0.632890005,1,1,1,1,1,
785,argD,0.783,N,3.60E-05,3,0.808495152,0,0.631402374,0,1,1,0,1,
786,metA,0.76,N,0.64972614,2,0.808495152,0.64972614,0.629559005,1,1,1,1,1,
787,aceB,0.843,N,0.808495152,4,0.808495152,0.758796405,0.629914743,1,1,1,1,1,
788,aceA,0.824,N,0.808495154,4,0.808495152,0.758796405,0.628362432,1,1,1,1,1,
789,ubiA,0,N,0.808495152,2,0.808495152,0,0,1,0,1,0,0,
790,dgkA,0.847,N,0.808495152,4,0.808495152,0.758796405,0.629041568,1,1,1,1,1,
791,nrfD,0.814,N,0.808495152,4,0.808495152,0.758796405,0.626486724,1,1,1,1,1,
792,phnP,0.812,N,0.808495152,4,0.808495152,0.758796405,0.629138588,1,1,1,1,1,
793,phnO,0.816,N,0.808495152,4,0.808495152,0.758796405,0.631952151,1,1,1,1,1,
794,proP,0.756,N,0.808495152,4,0.808495152,0.758796405,0.630496859,1,1,1,1,1,
795,melA,0.572,N,0.808495152,4,0.808495152,0.758796405,0.631596413,1,1,1,1,1,
796,ulaC,0.736,u,0.808495152,4,0.808495152,0.758796405,0.631208335,1,1,1,1,1,
797,ulaD,0.582,u,0.808495152,4,0.808495152,0.758796405,0.631725772,1,1,1,1,1,
798,ulaE,0.637,u,0.808495152,4,0.808495152,0.758796405,0.629364966,1,1,1,1,1,
799,cpdB,0.801,N,0.808495152,4,0.808495152,0.758796405,0.627747976,1,1,1,1,1,
800,nrdD,0.824,N,0.808353284,4,0.808495152,0.758796405,0.630658559,1,1,1,1,1,
801,treB,0.705,N,0.808495152,4,0.808495152,0.758796405,0.628879869,1,1,1,1,1,
802,pepA,0.647,N,0.808495152,4,0.808495152,0.758796405,0.631337694,1,1,1,1,1,
803,fecD,0.83,N,0.808495152,4,0.808495152,0.758796405,0.627909675,1,1,1,1,1,
