Column array (EcoMAC),Gene perturbated
590,WT
591,WT
592,WT
593,appY
594,appY
595,appY
596,arcA
597,arcA
598,arcA
599,fnr
600,fnr
601,fnr
602,arcA fnr
603,arcA fnr
604,arcA fnr
605,oxyR
606,oxyR
607,oxyR
608,soxS
609,soxS
610,soxS
611,WT
612,WT
613,WT
614,WT
615,appY
616,appY
617,appY
618,arcA
619,arcA
620,arcA
621,fnr
622,fnr
623,fnr
624,arcA fnr
625,arcA fnr
626,arcA fnr
627,oxyR
628,oxyR
629,oxyR
630,soxS
631,soxS
632,soxS
633,
634,
635,
636,
637,
638,
639,
640,
641,
642,
643,
644,
645,
646,
647,
648,
649,
650,
651,
652,
653,
654,
655,
656,
657,
658,
659,
660,crp
661,crp
662,crp
663,cspA
664,dps
665,dps
666,dps
667,dps
668,dps
669,dps
670,hns
671,hns
672,hns
673,hupB
674,
675,
676,
677,
678,
679,ala2 supressor
680,ala2 supressor
681,ala2 supressor
682,fnr
683,fnr
684,fnr
685,wt
686,wt
687,wt
688,fnr
689,fnr
690,fnr
691,fnr
692,WT
693,WT
694,WT
695,
696,
697,
698,IPTG
699,IPTG
700,IPTG
701,
702,
703,
704,IPTG
705,IPTG
706,IPTG
707,WT
708,WT
709,WT
710,WT
711,WT
712,
713,
714,
715,IPTG
716,IPTG
717,IPTG
718,
719,
720,
721,IPTG
722,IPTG
723,IPTG
724,
725,
726,
727,
728,
729,
730,
731,
732,
733,
734,
735,
736,
737,
738,
739,
740,
741,
742,
743,
744,
745,
746,
747,
748,
749,
750,
751,
752,
753,
754,
755,
756,
757,
758,
759,
760,
761,
762,
763,
764,
765,
766,
767,
768,
769,
770,
771,WT
772,WT
773,WT
774,WT
775,WT
776,WT
777,WT
778,WT
779,WT
780,WT
781,recA
782,recA
783,recA
784,recA
785,recA
786,ccdB
787,ccdB
788,ccdB
789,ccdB
790,ccdB
791,recA
792,recA
793,recA
794,recA
795,recA
796,recA ccdB
797,recA ccdB
798,recA ccdB
799,recA ccdB
800,recA ccdB
801,
802,
803,
804,
805,
806,
807,
808,
809,
810,
811,
812,
813,ccdB
814,ccdB
815,ccdB
816,ccdB
817,lacZ
818,lacZ
819,lacZ
820,lacZ
821,ccdB
822,ccdB
823,ccdB
824,ccdB
825,ccdB
826,ccdB
827,ccdB
828,ccdB
829,ccdB
830,ccdB
831,ccdB
832,ccdB
833,
834,
835,
836,
837,
838,
839,
840,
841,
842,
843,
844,
845,
846,
847,
848,
849,
850,
851,
852,
853,
854,
855,
856,
857,
858,
859,
860,
861,
862,
863,
864,
865,WT
866,tnaA
867,WT
868,trpE
869,yceP
870,yceP
871,yceP
872,WT
873,WT
874,WT
875,WT
876,WT
877,WT
878,WT
879,WT
880,WT
881,WT
882,WT
883,WT
884,fis
885,fis
886,fis
887,fis
888,fis
889,fis
890,fis
891,fis
892,fis
893,fis
894,fis
895,fis
896,
897,
898,
899,
900,
901,
902,
903,
904,
905,
906,
907,
908,
909,
910,
911,
912,
913,
914,
915,
916,
917,
918,WT
919,WT
920,WT
921,WT
922,WT
923,WT
924,WT
925,WT
926,WT
927,WT
928,yceP
929,yliH
930,WT
931,ycfR
932,wt
933,ydgG
934,wt
935,wt
936,luxS
937,luxS
938,wt
939,wt
940,luxS
941,wt
942,ymgB
943,wt
944,yncC
945,
946,
947,
948,
949,WT
950,WT
951,WT
952,rpoS
953,rpoS
954,rpoS
955,WT
956,WT
957,WT
958,WT
959,WT
960,WT
961,rpoS
962,rpoS
963,rpoS
964,rpoS
965,rpoS
966,rpoS
967,
968,
969,
970,
971,
972,
973,
974,
975,
976,
977,
978,
979,
980,
981,
982,
983,
984,
985,
986,
987,
988,
989,
990,
991,
992,
993,
994,
995,
996,
997,
998,
999,
1000,
1001,
1002,
1003,
1004,
1005,
1006,
1007,
1008,
1009,
1010,
1011,
1012,
1013,
1014,
1015,
1016,
1017,
1018,
1019,
1020,
1021,
1022,
1023,
1024,
1025,
1026,
1027,
1028,
1029,
1030,
1031,
1032,
1033,
1034,
1035,
1036,
1037,
1038,
1039,
1040,
1041,
1042,
1043,
1044,
1045,
1046,
1047,
1048,
1049,
1050,
1051,
1052,
1053,
1054,
1055,
1056,
1057,WT
1058,WT
1059,ryhB
1060,ryhB
1061,WT
1062,WT
1063,WT
1064,WT
1065,WT
1066,WT
1067,WT
1068,WT
1069,WT
1070,WT
1071,WT
1072,rpoS
1073,rpoS
1074,rpoS
1075,rpoS
1076,rpoS
1077,rpoS
1078,rpoS
1079,rpoS
1080,rpoS
1081,WT
1082,
1083,tnaA
1084,tnaA
1085,
1086,hha
1087,
1088,
1089,
1090,hha
1091,hha
1092,hha
1093,wt
1094,wt
1095,wt
1096,wt
1097,wt
1098,hupA
1099,hupA
1100,hupA
1101,hupB
1102,hupB
1103,hupB
1104,rpoS
1105,rpoS
1106,hupA hupB
1107,hupA hupB
1108,hupA hupB
1109,hupA hupB
1110,hupA hupB
1111,wt
1112,wt
1113,wt
1114,wt
1115,hupA hupB
1116,hupA hupB
1117,hupA hupB
1118,hupA hupB
1119,WT
1120,WT
1121,WT
1122,WT
1123,WT
1124,WT
1125,relA
1126,relA
1127,relA
1128,relA
1129,relA bolA
1130,relA bolA
1131,relA rpoS
1132,relA rpoS
1133,wt
1134,wt
1135,wt
1136,wt
1137,wt
1138,relA
1139,relA
1140,relA
1141,relA
1142,relA
1143,pHSG415
1144,pHSG415
1145,pHSG415
1146,pHSG415
1147,pHSG415
1148,pHSG415
1149,pHSG415
1150,pHSG415
1151,pTN9
1152,pTN9
1153,pTN9
1154,pTN9
1155,pTN9
1156,pTN9
1157,pTN9
1158,pTN9
1159,pTN11
1160,pTN11
1161,pTN11
1162,pTN11
1163,pTN11
1164,pTN11
1165,pTN11
1166,pTN11
1167,WT
1168,WT
1169,WT
1170,WT
1171,WT
1172,WT
1173,WT
1174,WT
1175,WT
1176,recombinant pPROEx-CAT
1177,recombinant pPROEx-CAT
1178,recombinant pPROEx-CAT
1179,recombinant pPROEx-CAT
1180,recombinant pPROEx-CAT
1181,recombinant pPROEx-CAT
1182,recombinant pPROEx-CAT
1183,recombinant pPROEx-CAT
1184,recombinant pPROEx-CAT
1185,WT
1186,WT
1187,WT
1188,WT
1189,WT
1190,WT
1191,recombinant pPROEx-CAT
1192,recombinant pPROEx-CAT
1193,recombinant pPROEx-CAT
1194,recombinant pPROEx-CAT
1195,recombinant pPROEx-CAT
1196,recombinant pPROEx-CAT
432,
433,
434,
435,
436,
437,
438,
439,
440,
441,
442,
443,
444,
445,
446,
447,
448,
449,wt
450,wt
451,wt
452,wt
453,wt
454,wt
455,ybeY
456,ybeY
457,ybeY
458,ybeY
459,ybeY
460,ybeY
461,wt
462,wt
463,wt
464,wt
465,wt
466,wt
467,nusA
468,nusA
469,nusA
470,nusA
471,nusA
472,nusA
473,lexA
474,lexA
475,lexA
476,umuDC lexA
477,umuDC lexA
478,umuDC lexA
479,wt
480,lsrC
481,lsrR
482,ogt
483,sdiA
484,torC
485,ydaT
486,yddH
487,yneJ
488,yneL
489,lsrR
490,ogt
491,torC
492,ydaT
493,yneL
494,
495,
496,
497,
498,
499,
500,
501,
502,
503,
504,
505,
506,
507,
508,
509,
510,
511,
512,
513,
514,
515,wt
516,bssR
517,cspD
518,lsrR cspD
519,
520,
521,
522,
523,
524,
525,
526,
527,
528,
529,
530,
531,
532,
533,
534,
535,
536,
537,
538,wt
539,wt
540,wt
541,wt
542,wt
543,wt
544,wt
545,wt
546,wt
547,wt
548,wt
549,wt
550,wt
551,
552,
553,
554,
555,
556,
557,
558,
559,
560,
561,
562,
563,
564,
565,
566,
567,
568,
569,
570,
571,
572,
573,
574,
575,
576,
577,
578,
579,
580,
581,
582,
583,
584,
585,
586,
587,
588,
589,
166,dinI
167,dinI
168,dinI
169,dinP
170,dinP
171,dinP
172,lexA
173,lexA
174,lexA
175,lon
176,lon
177,lon
178,luc
179,luc
180,luc
181,mazF
182,mazF
183,mazF
184,recA
185,recA
186,recA
187,relE
188,relE
189,relE
190,ruvA
191,ruvA
192,ruvA
193,sulA
194,sulA
195,sulA
196,umuD
197,umuD
198,umuD
199,uvrA
200,uvrA
201,uvrA
202,yebF
203,yebF
204,yebF
205,luc
206,luc
207,luc
208,zipA
209,zipA
210,zipA
211,luc
212,luc
213,luc
214,b2618
215,b2618
216,b2618
217,bcp
218,bcp
219,bcp
220,cpxR
221,cpxR
222,cpxR
223,crcB
224,crcB
225,crcB
226,crp
227,crp
228,crp
229,cspF
230,cspF
231,cspF
232,dam
233,dam
234,dam
235,dnaA
236,dnaA
237,dnaA
238,dnaN
239,dnaN
240,dnaN
241,dnaT
242,dnaT
243,dnaT
244,emrR
245,emrR
246,era
247,era
248,era
249,fis
250,fis
251,fis
252,fklB
253,fklB
254,fklB
255,folA
256,folA
257,folA
258,galF
259,galF
260,galF
261,gcvR
262,gcvR
263,gcvR
264,gyrA
265,gyrA
266,gyrA
267,gyrI
268,gyrI
269,gyrI
270,hlpA
271,hlpA
272,hlpA
273,holD
274,holD
275,holD
276,hscA
277,hscA
278,hscA
279,IHF
280,IHF
281,ldrA
282,ldrA
283,ldrA
284,mcrB
285,mcrB
286,mcrB
287,mcrC
288,mcrC
289,mcrC
290,menB
291,menB
292,menB
293,menC
294,menC
295,menC
296,minD
297,minD
298,minD
299,minE
300,minE
301,minE
302,murI
303,murI
304,murI
305,yoeB
306,yoeB
307,yoeB
308,nrdA
309,nrdA
310,nrdA
311,nrdB
312,nrdB
313,nupC
314,nupC
315,nupC
316,pyrC
317,pyrC
318,pyrC
319,rimI
320,rimI
321,rimI
322,rstB
323,rstB
324,rstB
325,ruvC
326,ruvC
327,ruvC
328,sbcB
329,sbcB
330,sbcB
331,uspA
332,uspA
333,uspA
334,WT
335,WT
336,WT
337,WT
338,WT
339,WT
340,WT
341,WT
342,recA
343,recA
344,recA
345,recA
346,recA
347,recA
348,WT
349,WT
350,luc2
351,luc2
352,luc2
353,luc2
354,WT
355,WT
356,WT
357,WT
358,WT
359,WT
360,WT
361,WT
362,WT
363,WT
364,WT
365,WT
366,WT
367,WT
368,WT
369,WT
370,WT
371,WT
372,WT
373,WT
374,WT
375,WT
376,WT
377,WT
378,ccdB
379,ccdB
380,ccdB
381,ccdB
382,ccdB
383,lacZ
384,lacZ
385,lacZ
386,lacZ
387,lacZ
388,lacZ
389,lacZ
390,lacZ
391,lacZ
392,lacZ
393,lacZ
394,lacZ
395,lacZ
396,ccdB
397,ccdB
398,ccdB
399,ccdB
400,ccdB
401,ccdB
402,ccdB
403,ccdB
404,lacZ
405,lacZ
406,lacZ
407,lacZ
408,ccdB
409,ccdB
410,ccdB
411,ccdB
412,lacZ
413,ccdB
414,WT
415,WT
416,WT
417,WT
418,WT
419,WT
420,WT
421,WT
422,WT
423,WT
424,WT
425,WT
426,WT
427,WT
428,WT
429,WT
430,WT
431,WT
62,WT
63, ldhA pflB
1,WT
2,WT
3,WT
4,WT
5,WT
6,WT
7,rhsA
8,rhsA
9,rhsA
10,rhsA
11,rhsA
12,rhsA
13,rhsA
14,rhsA
15,rhsA
16,rhsA
17,rhsA
18,rhsA
19,rhsA
20,rhsA
21,rhsA
22,rhsA
23,rhsA
24,rhsA
25,rhsA
26,rhsA
27,rhsA
28,rhsA
29,WT
30,WT
31,WT
32,WT
33,WT
34,WT
35,WT
36,WT
37,WT
38,
39,
40,
41,
42,
43,
44,
45,
46,
47,
48,
49,
50,
51,
52,
53,
54,
55,
56,
57,
58,
59,
60,
61,
70,
71,
72,
73,
74,
75,
76,
77,
78,
79,
80,
81,
82,
83,
84,
85,
86,
87,
88,
89,
90,
91,
92,
93,
94,
95,
96,
97,
98,
99,
100,
101,
102,
103,
104,
105,
106,
107,
108,
109,
110,
111,
112,
113,
114,
115,
116,
117,
118,
119,
120,
121,
122,
123,
124,
125,
126,
127,
128,
129,
130,
131,
132,
133,
134,
135,
136,
137,
138,
139,
140,
141,
142,
143,
144,
145,
146,
147,
148,
149,
150,
151,
152,
153,
154,
155,
156,
157,
158,
159,
160,
161,
162,
163,
164,
165,
64,WT
65,WT
66,WT
67,nusA
68,nusA
69,nusA
1197,
1198,
1199,
1200,
1201,
1202,
1203,
1204,
1205,
1206,
1207,
1208,
1209,
1210,
1211,
1212,
1213,
1214,
1215,
1216,
1217,
1218,
1219,
1220,
1221,
1222,
1223,
1224,
1225,
1226,
1227,
1228,
1229,
1230,
1231,
1232,
1233,
1234,soxR
1235,soxR
1236,soxR
1237,soxR
1238,soxR
1239,soxR
1240,WT
1241,WT
1242,WT
1243,WT
1244,WT
1245,WT
1246,WT
1247,WT
1248,WT
1249,WT
1250,WT
1251,WT
1252,WT
1253,WT
1254,WT
1255,PhoU
1256,PhoU
1257,PhoU
1260,
1261,
1262,
1263,
1264,
1258,WT
1259,WT
1265,WT
1266,WT
1267,WT
1268,WT
1269,WT
1270,WT
1271,WT
1272,WT
1273,WT
1274,WT
1275,WT
1276,WT
1277,WT
1278,WT
1279,WT
1280,WT
1289,WT
1290,yncC
1281,WT
1282,sdiA
1283,luxS
1284,luxS
1285,luxS
1286,luxS
1287,tnaA
1288,tnaA
1313,sdiA
1314,sdiA
1291,
1292,
1293,WT
1294,WT
1295,WT
1296,WT
1297,WT
1298,WT
1299,WT
1300,WT
1301,WT
1302,WT
1303,WT
1304,WT
1305,WT
1306,WT
1307,WT
1308,WT
1309,nusA
1310,nusA
1311,nusG
1312,nusG
1315,
1316,
1317,
1318,
1319,
1320,
1321,WT
1322,sdiA
1343,sdiA
1323,
1324,
1325,
1326,
1327,
1328,
1329,
1330,
1331,
1332,
1333,
1334,
1335,WT
1336,yjgK
1337,
1338,
1369,
1370,
1339,qseE
1340,qseF
1341,qseG
1342,WT
1344,WT
1345,sidA
1346,sidA
1347,
1348,
1349,
1350,
1351,
1352,
1353,
1354,
1355,
1356,
1357,
1358,
1359,fhlA
1360,fhlA
1361,
1362,
1363,
1364,
1365,
1366,
1367,
1368,
1371,WT
1372,CP4
1373,
1374,
1375,
1376,
1377,
1378,
1379,
1380,
1381,
1382,WT
1383,WT
1384,kdpE
1385,WT
1386,qseB
1387,qseC
1388,qseC
1389,qseC
1390,qseC
1391,
1392,
1393,
1394,
1395,WT
1396,WT
1397,WT
1398,WT
1399,WT
1400,WT
1401,GraL
1402,GraL
1403,GraL
1404,GraL
1405,GraL
1406,GraL
1407,WT
1408,WT
1409,WT
1410,WT
1411,WT
1412,WT
1413,GraL
1414,GraL
1415,GraL
1416,GraL
1417,GraL
1418,GraL
1419,rpoC
1420,rpoC
1421,rpoC
1422,rpoC
1423,rpoC
1424,rpoC
1425,rpoC
1426,rpoC
1427,rpoC
1428,WT
1429,WT
1430,WT
1431,
1432,
1433,
1434,
1435,
1436,
1437,
1438,
1439,
1440,
1441,
1442,
1443,WT
1444,WT
1445,WT
1446,rpoS
1447,rpoS
1448,rpoS
1449,WT
1450,WT
1451,WT
1452,rpoS
1453,rpoS
1454,rpoS
1455,WT
1456,WT
1457,WT
1458,WT
1459,WT
1460,WT
1461,WT
1462,WT
1463,WT
1464,IrrE
1465,IrrE
1466,IrrE
1467,IrrE
1468,IrrE
1469,IrrE
1470,IrrE
1471,IrrE
1472,IrrE
1473,
1474,
1475,
1476,
1477,
1478,
1479,
1480,
1481,
1482,
1483,
1484,
1485,
1486,
1487,
1488,
1489,
1490,
1491,
1492,
1493,rpoS
1494,rpoS
1495,rpoS
1496,rpoS
1497,rpoS
1498,rpoS
1499,WT
1500,WT
1501,WT
1502,WT
1503,WT
1504,WT
1505,rpoS
1506,rpoS
1507,rpoS
1508,WT
1509,WT
1510,WT
1511,WT
1512,WT
1513,WT
1514,WT
1515,WT
1516,WT
1517,WT
1518,WT
1519,WT
1520,WT
1521,WT
1522,WT
1523,CRP
1524,CRP
1525,CRP
1526,CRP
1527,CRP
1528,CRP
1529,CRP
1530,CRP
1531,
1532,
1533,qseA
1534,WT
1535,
1536,
1537,
1538,
1539,
1540,
1541,
1542,
1543,
1544,
1545,WT
1546,hfq
1547,WT
1548,WT
1549,mgrR
1550,mgrR
1551,mgrR
1552,mgrR
1553,mgrR
1554,mgrR
1555,frdC
1556,HW2
1557,WT
1558,fnrS
1559,WT
1560,fnrS
1561,WT
1562,fnrS
1563,WT
1564,WT
1565,WT
1566,rpoS
1567,rpoS
1568,rpoS
1569,rpoN
1570,rpoN
1571,rpoN
1572,
1573,
1574,
1575,
1576,
1577,
1578,
1579,
1580,
1581,
1582,
1583,
1584,
1585,
1586,
1587,WT
1588,WT
1589,rimO
1590,rimO
1591,rimO
1592,rimO
1593,ycaO
1594,ycaO
1595,
1596,
1597,
1598,
1599,
1600,
1601,
1602,
1603,
1604,
1605,
1606,
1607,
1608,
1609,
1610,
1615,WT
1616,WT
1617,WT
1618,WT
1619,WT
1620,WT
1621,cydAB cyoABCD cbdAB ygiN
1622,cydAB cyoABCD cbdAB ygiN
1623,cydAB cyoABCD cbdAB ygiN
1624,cydAB cyoABCD cbdAB ygiN
1625,cydAB cyoABCD cbdAB ygiN
1626,cydAB cyoABCD cbdAB ygiN
1611,WT
1612,phoB
1613,WT
1614,phoB
1627,clpV
1628,hcp
1629,icmF
1630,WT
1631,WT
1632,bdcA
1633,sigma70
1634,sigma70
1635,sigmaS
1636,sigmaS
1637,WT
1638,WT
1639,WT
1640,WT
1641,WT
1642,WT
1643,WT
1644,WT
1645,WT
1646,WT
1647,marA rob SoxS
1648,marA rob SoxS
1649,marA rob SoxS
1650,WT
1651,WT
1652,WT
1653,WT
1654,oxyR
1655,oxyR
1656,oxyR
1657,oxyR
1658,WT
1659,spf
1660,WT
1661,spf
1662,WT
1663,spf
1664,
1665,mntR
1666,
1667,mntR
1668,WT
1669,WT
1670,purR
1671,purR
1672,WT
1673,WT
1674,purR
1675,purR
1676,relA spoT pGB2
1677,relA spoT pGB2
1678,relA spoT greA
1679,relA spoT greA
1680,relA spoT greB
1681,relA spoT greB
1682,relA spoT dksA pGB2
1683,relA spoT dksA pGB2
1684,relA spoT dksA greA
1685,relA spoT dksA greA
1686,relA spoT dksA greB
1687,relA spoT dksA greB
1688,WT
1689,WT
1690,WT
1691,ycdC
1692,ycdC
1693,ycdC
1694,xylanase
1695,xylanase
1696,xylanase
1697,WT
1698,WT
1699,WT
1700,WT
1701,vhb ribB 
1702,vhb ribB 
1703,vhb ribB 
1704,vhb ribB 
1705,vhb ribB 
1706,vhb ribB 
1707,vhb ribB 
1708,vhb ribB 
1709,ansB
1710,ansB
1711,ansB
1712,ansB
1713,ansB
1714,ansB
1715,ansB
1716,ansB
1717,ansB
1718,ansB
1719,ansB
1720,WT
1721,cobB
1722,WT
1723,WT
1724,IrrE
1725,IrrE
1726,IrrE
1727,WT
1728,WT
1729,WT
1730,
1731,
1732,
1733,
1734,
1735,
1736,
1737,
1738,
1739,
1740,
1741,
1742,
1743,
1744,
1745,
1746,
1747,
1748,
1749,
1750,
1751,
1752,
1753,
1754,
1755,
1756,
1757,
1758,
1759,
1760,
1761,
1762,
1763,
1764,
1765,
1766,
1767,
1768,
1769,WT
1770,WT
1771,
1772,
1773,
1774,
1775,
1776,
1777,WT
1778,WT
1779,WT
1780,phoP
1781,phoP
1782,phoP
1783,WT
1784,K3N N31Y
1785,
1786,
1787,
1788,
1789,
1790,
1791,
1792,
1793,
1794,
1795,
1796,
1797,
1798,
1799,
1800,
1801,
1802,
1803,BglJ
1804,BglJ
1805,BglJ
1806,BglJ
1807,pKESK22
1808,pKESK22
1809,pKESK22
1810,pKESK22
1811,LeuO
1812,LeuO
1813,LeuO
1814,LeuO
1815,rcsB BglJ
1816,rcsB BglJ
1817,rcsB BglJ
1818,rcsB BglJ
1819,rcsB
1820,rcsB
1821,rcsB
1822,rcsB
1823,leuO BglJ
1824,leuO BglJ
1825,leuO BglJ
1826,leuO BglJ
1827,leuO
1828,leuO
1829,leuO
1830,leuO
1831,rpoS
1832,WT
1833,WT
1834,
1835,
1836,
1837,
1838,
1839,
1840,
1841,
1842,
1843,
1844,
1845,
1846,WT
1847,WT
1848,WT
1849,WT
1850,WT
1851,WT
1852,fusK
1853,fusR
1854,Irre
1855,Irre
1856,Irre
1857,
1858,
1859,
1860,WT
1861,WT
1862,WT
1863,WT
1864,WT
1865,WT
1866,WT
1867,WT
1868,WT
1869,WT
1870,WT
1871,WT
1872,WT
1873,WT
1874,WT
1875,WT
1876,WT
1877,WT
1878,WT
1879,WT
1880,WT
1881,WT
1882,WT
1883,WT
1884,WT
1885,WT
1886,WT
1887,WT
1888,WT
1889,WT
1890,WT
1891,WT
1892,WT
1893,WT
1894,WT
1895,WT
1896,WT
1897,WT
1898,WT
1899,WT
1900,WT
1901,WT
1902,WT
1903,WT
1904,WT
1905,WT
1906,WT
1907,WT
1908,WT
1909,WT
1910,WT
1911,WT
1912,WT
1913,WT
1914,WT
1915,WT
1916,WT
1917,WT
1918,WT
1919,WT
1920,WT
1921,WT
1922,WT
1923,WT
1924,WT
1925,WT
1926,WT
1927,WT
1928,WT
1929,WT
1930,WT
1931,WT
1932,WT
1933,WT
1934,WT
1935,WT
1936,WT
1937,WT
1938,WT
1939,WT
1940,WT
1941,WT
1942,WT
1943,WT
1944,hns
1945,hns
1946,hns
1947,GFP
1948,GFP
1949,GFP
1950,fis
1951,fis
1952,fis
1953,arcA
1954,arcA
1955,arcA
1956,crp
1957,crp
1958,crp
1959,araC
1960,araC
1961,araC
1962,GFP
1963,GFP
1964,GFP
1965,fis
1966,fis
1967,fis
1968,fecI
1969,fecI
1970,fecI
1971,hns
1972,hns
1973,hns
1974,fliA
1975,fliA
1976,fliA
1977,ompR
1978,ompR
1979,ompR
1980,ihfAB
1981,ihfAB
1982,ihfAB
1983,fis
1984,fis
1985,fis
1986,GFP
1987,GFP
1988,GFP
1989,fis
1990,fis
1991,fis
1992,fecI
1993,fecI
1994,fecI
1995,hns
1996,hns
1997,hns
1998,ompR
1999,ompR
2000,ompR
2001,ihfAB
2002,ihfAB
2003,ihfAB
2004,GFP
2005,GFP
2006,GFP
2007,fis
2008,fis
2009,fis
2010,fecI
2011,fecI
2012,fecI
2013,hns
2014,hns
2015,hns
2016,fliA
2017,fliA
2018,fliA
2019,crp
2020,crp
2021,crp
2022,glnG
2023,glnG
2024,glnG
2025,ompR
2026,ompR
2027,ompR
2028,GFP
2029,GFP
2030,GFP
2031,fis
2032,fis
2033,fis
2034,fecI
2035,fecI
2036,fecI
2037,fliA
2038,fliA
2039,fliA
2040,crp
2041,crp
2042,crp
2043,ompR
2044,ompR
2045,ompR
2046,GFP
2047,GFP
2048,GFP
2049,fis
2050,fis
2051,fis
2052,fecI
2053,fecI
2054,fecI
2055,hns
2056,hns
2057,hns
2058,fnr
2059,fnr
2060,fnr
2061,crp
2062,crp
2063,crp
2064,glnG
2065,glnG
2066,glnG
2067,GFP
2068,GFP
2069,GFP
2070,fecI
2071,fecI
2072,fecI
2073,GFP
2074,GFP
2075,GFP
2076,rpoE
2077,rpoE
2078,rpoE
2079,arcA
2080,arcA
2081,arcA
2082,flhDC
2083,flhDC
2084,flhDC
2085,lrp
2086,lrp
2087,lrp
2088,arcA
2089,arcA
2090,arcA
2091,fliA
2092,fliA
2093,fliA
2094,fis
2095,fis
2096,fis
2097,fecI
2098,fecI
2099,fecI
2100,hns
2101,hns
2102,hns
2103,fliA
2104,fliA
2105,fliA
2106,crp
2107,crp
2108,crp
2109,rpoS
2110,rpoS
2111,rpoS
2112,rpoE
2113,rpoE
2114,rpoE
2115,rpoN
2116,rpoN
2117,rpoN
2118,appY
2119,appY
2120,appY
2121,fis
2122,fis
2123,fis
2124,rpoD
2125,rpoD
2126,rpoD
2127,malT
2128,malT
2129,malT
2130,rpoE
2131,rpoE
2132,rpoE
2133,fecI
2134,fecI
2135,fecI
2136,rpoD
2137,rpoD
2138,rpoD
2139,fnr
2140,fnr
2141,fnr
2142,fliA
2143,fliA
2144,fliA
2145,arcA
2146,arcA
2147,arcA
2148,crp
2149,crp
2150,crp
2151,rpoS
2152,rpoS
2153,rpoS
2154,lrp
2155,lrp
2156,lrp
2157,csgD
2158,csgD
2159,csgD
2160,flhDC
2161,flhDC
2162,flhDC
2163,rpoH
2164,rpoH
2165,rpoH
2166,fnr
2167,fnr
2168,fnr
2169,arcA
2170,arcA
2171,arcA
2172,ihfAB
2173,ihfAB
2174,ihfAB
2175,flhDC
2176,flhDC
2177,flhDC
2178,appY
2179,appY
2180,appY
2181,araC
2182,araC
2183,araC
2184,rpoS
2185,rpoS
2186,rpoS
2187,rpoH
2188,rpoH
2189,rpoH
2190,rpoN
2191,rpoN
2192,rpoN
2193,ihfB
2194,ihfB
2195,ihfB
2196,csgD
2197,csgD
2198,csgD
