Genes,GT,CF_labs
abrB,1,1
acoR,1,1
adaA,1,1
araR,1,1
arfM,1,1
arsR,1,1
azlB,1,1
birA,0,1
bmrR,1,1
ccpA,1,1
ccpB,1,1
ccpC,1,1
cggR,1,1
citR,1,1
codY,1,1
comA,1,1
comK,1,1
cssR,1,1
ctsR,1,1
degU,1,1
dnaA,0,1
exuR,1,1
fnr,1,1
fruR,1,1
fur,1,1
gabR,1,1
gerE,1,1
glnR,1,1
gltC,1,1
gntR,1,1
hrcA,1,1
hutP,1,1
hxlR,1,1
iolR,1,1
kdgR,1,1
lexA,1,1
licR,1,1
lmrA,1,1
mntR,1,1
mta,1,1
mtrB,1,1
perR,1,1
phoP,1,1
purR,1,1
pyrR,1,1
resD,1,1
rocR,1,1
rok,1,1
rplT,0,1
sacY,1,1
sigA,0,1
sigB,1,1
sigD,1,1
sigE,1,1
sigF,1,1
sigG,1,1
sigH,1,1
sigL,1,1
sigM,1,1
sigW,1,1
sigX,1,1
sigY,1,1
sinR,1,1
splA,1,1
spo0A,1,1
spoIIID,1,1
spoVT,1,1
tenI,1,1
tnrA,1,1
treR,1,1
xpf,1,1
xre,0,1
ytrA,1,1
yvrH,1,1
bioB,1,1
argD,1,1
yxbB,1,1
carA,1,1
pksJ,1,1
uxuB,1,1
dppC,1,1
uxuA,1,1
argJ,1,1
cotX,1,1
kamA,1,1
yodT,1,1
asnO,1,1
nrdEB,1,1
bioFC,1,1
gpr,1,1
pksL,1,1
argC,1,1
ppsC,1,1
ldeI,1,1
safA,1,1
slpH,1,1
sqhC,1,1
glgB,1,1
glnQ,1,1
spoIIP,1,1
tcyL,1,1
cotZ,1,1
appD,1,1
yndA,1,1
tcaB,1,1
ykfD,1,1
nagZ,1,1
yorK,1,1
yodQ,1,1
ppsD,1,1
ssuB,1,1
yonE,1,1
ytlA,1,1
ldcA,1,1
yomR,1,1
rhgW,1,1
ytvI,1,1
dppD,1,1
conE,1,1
rhgZ,1,1
sndA,1,1
glnH,1,1
cotS,1,1
spoVAA,1,1
putM,1,1
ldeG,1,1
frlM,1,1
yitB,1,1
mmgB,1,1
kamB,1,1
spaD,1,1
ybbC,1,1
acoA,1,1
xkdR,1,1
pyrAA,1,1
folEB,1,1
yoaR,1,1
cwlP,1,1
conG,1,1
ykoS,1,1
cgeA,1,1
cotV,1,1
yxbC,1,1
mtbP,1,1
albA,1,1
albB,1,1
albC,1,1
albD,1,1
albE,1,1
albF,1,1
albG,1,1
aprE,1,1
argB,1,1
argF,1,1
asnH,1,0
carB,1,1
citB,1,1
dppA,1,1
dppB,1,1
dppE,1,1
ftsA,0,1
ftsZ,0,1
hutG,1,1
hutH,1,1
hutI,1,1
hutM,1,1
hutU,1,1
kapB,1,1
kinB,1,1
pbpE,1,1
racX,1,1
rbsA,1,1
rbsB,1,1
rbsC,1,1
rbsD,1,1
rbsK,1,1
rbsR,1,1
sboA,1,1
sboX,1,1
senS,1,1
sinI,1,1
spo0E,1,1
spoVG,1,1
yoaW,1,1
yvlA,1,1
yvlB,1,1
yvlC,1,1
yvlD,1,1
yxaM,1,1
yxbA,1,1
yxbD,1,1
yxnB,1,1
yxzE,1,1
acoB,1,1
acoC,1,1
acoL,1,1
adaB,1,1
alkA,1,1
abfA,1,1
abnA,1,1
araA,1,1
araB,1,1
araD,1,1
araE,1,1
araL,1,1
araN,1,1
araP,1,1
araQ,1,1
alsD,1,1
alsS,1,1
dnaJ,1,1
dnaK,1,1
grpE,1,1
hemN,1,1
hemZ,1,1
lctP,1,1
nasD,1,1
nasE,1,1
nasF,1,1
arsB,1,1
arsC,1,1
yqcK,1,1
azlC,1,1
azlD,1,1
brnQ,1,1
yrdK,1,1
bioD,1,1
bioI,1,1
bioW,1,1
ytbQ,1,1
bmr,1,1
galT,1,1
lcfA,1,0
levD,1,1
levE,1,1
levF,1,1
levG,1,1
msmX,1,1
sacC,1,1
yobO,1,1
xylA,1,1
xylB,1,1
citZ,1,1
icd,1,1
mdh,1,1
eno,0,1
gapA,0,1
pgk,1,1
pgm,0,1
tpiA,1,1
citA,1,1
acsA,1,1
bcd,1,1
bkdAA,1,0
bkdAB,1,0
bkdB,1,0
buk,1,1
comS,1,1
gabP,1,1
hag,1,1
ilvA,1,1
ilvB,1,1
ilvC,1,1
ilvD,1,1
ilvH,1,1
leuA,1,1
leuB,1,1
leuC,1,1
leuD,1,1
lpdV,1,0
phrC,1,1
ptb,1,1
rapC,1,1
srfAA,1,1
srfAB,1,1
srfAC,1,1
srfAD,1,1
ureA,1,1
ureB,1,1
ureC,1,1
ypmP,1,1
degQ,1,1
phrA,1,1
phrE,1,1
phrF,1,1
rapA,1,1
rapE,1,1
rapF,1,1
addA,1,1
addB,1,1
bdbC,1,1
bdbD,1,1
comC,1,1
comEA,1,1
comEB,1,1
comEC,1,1
comFA,1,1
comFB,1,1
comFC,1,1
comGA,1,1
comGB,1,1
comGC,1,1
comGD,1,1
comGE,1,1
comGF,1,1
comGG,1,1
cspB,1,1
degR,1,1
flgK,1,1
flgL,1,1
flgM,1,1
glcR,1,1
nin,1,1
nucA,1,1
rapH,1,1
recA,1,1
rpsF,1,1
rpsR,0,1
sbcD,1,1
ybdK,1,1
yhcE,1,1
yhcF,1,1
yhcG,1,1
yhcH,1,1
yhcI,1,1
yhjB,1,1
ynzC,1,1
yvrN,1,1
yvrO,1,1
yvrP,1,1
yvyF,1,1
cssS,1,1
htrA,1,1
clpC,1,1
clpE,1,1
clpP,1,1
clpX,1,1
lonA,1,1
mcsA,1,1
mcsB,1,1
radA,1,1
trxA,0,1
amyE,1,1
bglS,1,1
sacB,1,1
sacX,1,1
sipS,1,1
sipT,1,1
wapA,1,1
yxjI,1,1
yxjJ,1,1
dnaN,0,1
sda,1,1
exuT,1,1
uxaA,1,1
uxaB,1,1
uxaC,1,1
yjmC,1,1
yjmD,1,1
narG,1,1
narH,1,1
narI,1,1
narJ,1,1
narK,1,1
fruA,1,1
fruK,1,1
dhbA,1,1
dhbB,1,1
dhbC,1,0
dhbE,1,1
dhbF,1,1
feuA,1,1
feuB,1,1
feuC,1,1
fhuD,1,1
yfhC,1,1
yhfQ,1,1
ykuO,1,1
ywjA,1,1
gabD,1,1
gabT,1,1
cgeB,1,1
cgeC,1,1
cgeD,1,1
cgeE,1,1
cotA,1,1
cotB,1,1
cotC,1,1
cotD,1,1
cotG,1,1
cotH,1,1
cotM,1,1
cotP,1,1
cotW,1,1
cotY,1,1
cwlH,1,1
ftsY,0,1
gerPA,1,1
gerPB,1,1
gerPC,1,1
gerPD,1,1
gerPE,1,1
gerPF,1,1
sspG,1,1
ydgA,1,1
ydgB,1,1
yjcZ,1,1
yurS,1,1
glnA,1,0
nasA,1,1
nasB,1,1
nasC,1,1
gltA,1,1
gltB,1,1
gntK,1,1
gntP,1,1
gntZ,1,1
groEL,0,1
groES,0,1
hxlA,1,1
hxlB,1,1
iolB,1,1
iolC,1,1
iolD,1,1
iolE,1,1
iolF,1,1
iolH,1,1
iolI,1,1
iolS,1,1
kdgA,1,1
kdgK,1,1
kdgT,1,1
dinB,1,1
ligA,0,1
parC,0,1
parE,0,1
pcrA,0,1
ruvA,1,1
ruvB,1,1
sipV,1,1
tagC,1,1
uvrA,1,1
uvrB,1,1
uvrC,1,1
uvrX,1,1
xkdA,1,1
ydgG,1,1
ydgH,1,1
yerH,1,1
yhaM,1,1
yhaO,1,1
yhaZ,1,1
yhjD,1,1
yhjE,1,1
ykvR,1,1
yolC,1,1
yolD,1,1
yorB,1,1
yorC,1,1
yozL,1,1
yozM,1,1
ypuD,1,1
yqhB,1,1
yqjX,1,1
yqzH,1,1
licA,1,1
licB,1,1
licC,1,1
licH,1,1
lmrB,1,1
yxaH,1,1
mntA,1,1
mntB,1,1
mntC,1,1
mntD,1,1
mntH,1,1
blt,1,1
bltD,1,1
ydfK,1,1
aroE,0,0
folB,0,0
folK,0,0
hisC,1,1
lysS,0,1
pabA,1,0
pabC,1,0
trpA,1,1
trpB,1,1
trpC,1,1
trpD,1,1
trpE,1,1
trpF,1,1
tyrA,1,1
yazB,1,1
ycbK,1,1
ahpC,1,1
ahpF,1,1
hemA,1,1
hemB,1,1
hemC,1,1
hemD,1,1
hemL,1,1
hemX,1,1
katA,1,1
mrgA,1,1
glpQ,1,1
phoA,1,0
phoB,1,0
phoD,1,1
phoR,1,1
pstA,1,1
pstBA,1,1
pstBB,1,1
pstC,1,1
pstS,1,1
resA,1,1
resB,1,1
resC,1,1
resE,1,1
tagA,0,0
tagB,0,0
tagD,0,0
tagE,1,0
tagF,0,0
tuaB,0,1
tuaC,1,1
tuaD,1,1
tuaE,1,1
tuaF,1,1
tuaG,1,1
tuaH,1,1
vpr,1,1
ydhF,1,1
yfkN,1,1
yhbH,1,1
yjdB,1,1
ykoL,1,1
folD,1,0
guaC,1,1
nusB,1,1
pbuG,1,1
pyrAB,1,1
pyrB,1,1
pyrC,1,1
pyrD,1,1
pyrE,1,1
pyrF,1,1
pyrK,1,1
pyrP,1,1
ctaA,1,1
ctaB,1,1
ctaC,1,1
ctaD,1,1
ctaE,1,1
ctaF,1,1
ctaG,1,1
cydA,1,1
cydB,1,1
cydC,1,1
cydD,1,1
nrdE,0,1
nrdF,0,1
qcrA,1,1
qcrB,1,1
qcrC,1,1
ymaB,1,1
rocA,1,1
rocB,1,1
rocC,1,1
rocD,1,1
rocE,1,1
rocG,1,1
bdbA,1,1
bdbB,1,1
sunA,1,1
sunT,1,1
yjcN,1,1
yxaJ,1,1
yxaL,1,1
yybJ,1,1
yybK,1,1
yybL,1,1
yybM,1,1
yybN,1,1
infC,0,1
rpmI,1,1
ysdA,1,1
sacA,1,1
sacP,1,1
ywdA,1,1
acdA,1,1
ackA,1,1
acuA,1,1
acuB,1,1
acuC,1,1
ald,1,1
amhX,1,1
ansA,1,1
ansB,1,1
antE,1,1
aprX,1,1
asd,0,0
bglC,1,1
bglH,1,1
bglP,1,1
ccdA,1,1
cdd,1,1
cheA,1,1
cheB,1,1
cheC,1,1
cheD,1,1
cheW,1,1
cheY,1,1
citM,1,1
clpQ,1,1
clpY,1,1
codV,1,1
comQ,1,1
comX,1,1
comZ,1,1
csbA,1,1
ctc,1,1
cymR,1,1
cysC,1,1
cysE,1,1
cysH,1,1
cysK,1,1
cysP,1,1
cysS,0,1
dapA,0,0
dapG,0,0
dctP,1,1
degS,1,1
divIB,0,1
dnaG,0,1
era,0,1
etfA,1,1
etfB,1,1
ezrA,1,1
fabD,0,0
fabF,0,0
fabG,0,0
fabHA,1,0
fabL,1,0
fapR,1,1
fbp,1,1
ffh,0,1
flgB,1,1
flgC,1,1
flgE,1,1
flhA,1,1
flhB,1,1
flhF,1,1
fliE,1,1
fliF,1,1
fliG,1,1
fliH,1,1
fliI,1,1
fliJ,1,1
fliK,1,1
fliL,1,1
fliM,1,1
fliP,1,1
fliQ,1,1
fliR,1,1
fliY,1,1
fliZ,1,1
folC,0,0
ftsH,1,1
galE,1,0
gapB,1,1
ggaA,1,0
ggaB,1,0
glpD,1,1
glpF,1,1
glpK,1,1
glpT,1,1
gltR,1,1
gltX,0,1
glyA,1,0
gtaB,1,0
guaA,1,1
gudB,1,1
gutB,1,1
gutP,1,1
gyrA,0,1
gyrB,0,1
hbs,0,1
htpG,1,1
infB,0,1
jag,1,1
kinC,1,1
lepA,1,1
lrpC,1,1
lytA,1,1
lytB,1,1
lytC,1,1
lytE,1,1
maeN,1,1
malA,1,1
malP,1,1
mecA,1,1
med,1,1
menB,0,0
menC,0,0
menD,0,0
menE,0,0
menF,1,0
mtrA,1,1
nadA,1,0
nadB,1,0
nadC,1,0
nadE,0,0
nifS,1,1
nupC,1,1
nusA,0,1
odhA,1,1
odhB,1,1
ogt,1,1
opuAA,1,1
opuAB,1,1
opuAC,1,1
opuBA,1,1
opuBB,1,1
opuBC,1,1
opuBD,1,1
opuE,1,1
pabB,1,0
pbpD,1,1
pbpF,1,1
pbuX,1,1
pckA,1,1
pdhA,1,1
pdhB,1,1
pdhC,1,1
pdhD,1,1
pdp,1,1
pheS,0,1
pheT,0,1
phrG,1,1
phrI,1,1
plsX,0,1
ppiB,1,1
prfB,0,1
prs,0,1
psd,1,0
pssA,1,0
pta,1,1
ptsG,1,1
ptsH,1,1
ptsI,1,1
pucA,1,1
pucB,1,1
pucC,1,1
pucD,1,1
pucE,1,1
pucH,1,1
pucJ,1,1
pucK,1,1
pucL,1,1
pucM,1,1
purA,1,1
purB,1,1
purC,1,1
purD,1,1
purE,1,1
purF,1,1
purH,1,1
purK,1,1
purL,1,1
purM,1,1
purN,1,1
purQ,1,1
purS,1,1
purT,1,1
pyrG,0,1
rapB,1,1
rapD,1,1
rapG,1,1
rbfA,1,1
recF,1,1
ribD,1,1
ribE,1,1
ribH,1,1
ribR,1,1
rnc,0,1
rpmH,1,1
rpoB,0,1
rpoE,1,1
rpsD,0,1
rsbS,1,1
rsbT,1,1
rsbU,1,1
rsbV,1,1
rsbW,1,1
rsbX,1,1
rsiX,1,1
sat,1,1
sbp,1,1
sdhA,1,1
sdhB,1,1
sdhC,1,1
secA,0,1
smc,0,1
speB,1,1
speD,1,1
speE,1,1
spo0B,1,1
spo0F,1,1
spoIIE,1,1
spoIIGA,1,1
spoIIIE,1,1
sspE,1,1
ssuA,1,1
ssuC,1,1
ssuD,1,1
tetB,1,1
tetL,1,1
thiE,1,1
thiM,1,1
thrS,1,1
thrZ,1,1
treA,1,1
treP,1,1
tyrS,0,1
valS,0,1
veg,1,1
xpt,1,1
xynA,1,1
xynB,1,1
xynP,1,1
ybfM,1,1
yceC,1,1
yceD,1,1
yceE,1,1
yceF,1,1
yceG,1,1
yceH,1,1
yciB,1,1
ydfJ,1,1
yfkI,1,1
yfkJ,1,1
yflH,1,1
yflN,1,1
ygaN,1,1
ykuG,1,1
ylxF,1,1
ylxM,1,1
ylxP,1,1
ylxW,1,1
ylxX,1,1
yneI,1,1
yneJ,1,1
yqxD,1,1
yrhC,1,1
yrrT,1,1
ytnM,1,1
ytrB,1,1
ytrC,1,1
ytrD,1,1
ytrE,1,1
ytrF,1,1
yuxK,1,1
yuxO,1,1
ywcH,1,1
ywhA,1,1
ywkB,1,1
yxeK,1,1
yxeM,1,1
yxeN,1,1
yxeO,1,1
yxeQ,1,1
yxiE,1,1
aldY,1,0
bmrU,1,1
bofC,1,1
csbB,1,1
csbC,1,1
csbD,1,1
csbX,1,1
dacC,1,1
dps,1,1
gsiB,1,1
gspA,1,1
katE,1,1
katX,1,1
nhaX,1,1
yacL,1,1
ydaD,1,1
ydaF,1,1
ydaG,1,1
ydaS,1,1
ydaT,1,1
ydbD,1,1
ydbP,1,1
ydfO,1,1
ydhK,1,1
yfhK,1,1
yflA,1,1
yhdF,1,1
yjbC,1,1
yjgB,1,1
yoaA,1,1
yocK,1,1
yotK,1,1
yoxB,1,1
yoxC,1,1
ypuB,1,1
ypuC,1,1
yqhP,1,1
yqhQ,1,1
yqxL,1,1
yrvD,1,1
ysnF,1,1
ytkL,1,1
ytxG,1,1
ytxH,1,1
yvgO,1,1
yvrE,1,1
ywjC,1,1
ywmE,1,1
ywtG,1,1
yxiS,1,1
yycD,1,1
cheV,1,1
dltA,1,0
dltB,1,0
dltC,1,0
dltD,1,0
dltE,1,1
fliD,1,1
fliS,1,1
fliT,1,1
hemAT,1,1
lytD,1,1
lytF,1,1
mcpA,1,1
mcpB,1,1
mcpC,1,1
motA,1,1
motB,1,1
tlpA,1,1
tlpB,1,1
tlpC,1,1
ybdO,1,1
yfmS,1,1
yjcP,1,1
yjcQ,1,1
yjfB,1,1
ylqB,1,1
yoaH,1,1
yscB,1,1
yvyC,1,1
yxkC,1,1
bofA,1,1
cotE,1,1
cotJA,1,1
cotJB,1,1
cotJC,1,1
cwlD,1,1
cwlJ,1,1
dacB,1,1
divIC,0,1
flhO,1,1
flhP,1,1
gerM,1,1
glgA,1,1
glgC,1,1
glgD,1,1
glgP,1,1
mbl,0,1
mmgA,1,1
mmgC,1,1
mmgD,1,1
mmgE,1,1
murB,0,0
murG,0,0
nucB,1,1
prkA,1,1
scoA,1,1
scoB,1,1
spmA,1,1
spmB,1,1
spoIID,1,1
spoIIIAA,1,1
spoIIIAB,1,1
spoIIIAC,1,1
spoIIIAD,1,1
spoIIIAE,1,1
spoIIIAF,1,1
spoIIIAG,1,1
spoIIIAH,1,1
spoIIM,1,1
spoIVA,1,1
spoIVCA,1,1
spoIVFA,1,1
spoIVFB,1,1
spoVB,1,1
spoVD,1,1
spoVE,1,1
spoVID,1,1
spoVK,1,1
spoVM,1,1
spoVR,1,1
usd,1,1
yabR,1,1
ycgF,1,1
ycgG,1,1
ydcA,1,1
ydcC,1,1
yesJ,1,1
yesK,1,1
yfhS,1,1
yfnD,1,1
yfnE,1,1
yhaX,1,1
yhcO,1,1
yhjR,1,1
yhxC,1,1
yjbE,1,1
yjcA,1,1
yjdH,1,1
yjfA,1,1
ykvI,1,1
ykvU,1,1
ypjB,1,1
ypqA,1,1
yqfC,1,1
yqfD,1,1
yqfZ,1,1
yqxA,1,1
yrrS,1,1
yteV,1,1
ytrH,1,1
ytrI,1,1
ytxC,1,1
yxjC,1,1
yxjF,1,1
yyaD,1,1
csfB,1,1
dacF,1,1
gerAA,1,1
gerAB,1,1
gerAC,1,1
lonB,1,1
spoIIAA,1,1
spoIIAB,1,1
spoIIQ,1,1
spoIVB,1,1
sspN,1,1
yfhD,1,1
yhcM,1,1
yhcN,1,1
yhfM,1,1
yhfW,1,1
ylbB,1,1
ylbC,1,1
yphA,1,1
yqzG,1,1
ytfI,1,1
ywnJ,1,1
adhB,1,1
csgA,1,1
exoA,1,1
gdh,1,1
gerBA,1,1
gerBB,1,1
gerBC,1,1
gerD,1,1
gerKA,1,1
gerKB,1,1
gerKC,1,1
glcU,1,1
lysA,1,1
sleB,1,1
splB,1,1
spoVAB,1,1
spoVAC,1,1
spoVAD,1,1
spoVAF,1,1
sspA,1,1
sspB,1,1
sspC,1,1
sspD,1,1
sspF,1,1
sspH,1,1
sspI,1,1
sspJ,1,1
sspK,1,1
sspL,1,1
sspM,1,1
sspO,1,1
sspP,1,1
ybaK,1,1
ybxH,1,1
yckD,1,1
ydfR,1,1
ydfS,1,1
yfkD,1,1
yhcQ,1,1
yhcV,1,1
yisY,1,1
yitF,1,1
yitG,1,1
ylaJ,1,1
yndD,1,1
yndE,1,1
yndF,1,1
yozQ,1,1
ypzA,1,1
yqfU,1,1
yraD,1,1
yraE,1,1
yraF,1,1
yraG,1,1
yrrD,1,1
yteA,1,1
yuzA,1,1
yvdQ,1,1
yxeD,1,1
kinA,1,1
minC,1,1
minD,1,1
phrK,1,1
spo0M,1,1
spoVS,1,1
yqjL,1,1
ysxA,1,1
pspA,1,1
sppA,1,1
xpaC,1,1
yaaN,1,1
ybfO,1,1
ydbS,1,1
ydbT,1,1
ydjG,1,1
ydjH,1,1
ydjI,1,1
ydjO,1,1
ydjP,1,1
yeaA,1,1
yjoB,1,1
yoaF,1,1
yoaG,1,1
yobJ,1,1
yozO,1,1
yqfB,1,1
ysdB,1,1
yteJ,1,1
ythP,1,1
ythQ,1,1
yuaI,1,1
ywrE,1,1
pbpX,1,1
yrhH,1,1
ybgB,1,1
yxlC,0,1
yxlD,1,1
yxlE,1,1
yxlF,1,1
yxlG,1,1
epr,1,1
sipW,1,1
tasA,1,1
cotF,1,1
cotT,1,1
yitE,1,1
thiF,1,1
thiG,1,1
thiS,1,1
alsT,1,1
glnM,1,1
glnP,1,1
ykzB,1,1
yodF,1,1
yttA,1,1
ywdI,1,1
ywdJ,1,1
ywdK,1,1
ywlG,1,1
yycB,1,1
yycC,1,1
xkdE,1,1
xkdF,1,1
xkdG,1,1
xkdH,1,1
xkdI,1,1
xkdJ,1,1
xkdK,1,1
xkdM,1,1
xtmA,1,1
xtmB,1,1
xkdB,1,1
xkdC,1,1
xkdD,1,1
xtrA,1,1
wprA,1,1
yodS,1,1
pksM,1,1
ppsA,1,1
bioK,1,1
ldeHA,1,1
yqhH,1,1
sodF,1,1
pksN,1,1
ldeF,1,1
appF,1,1
yobW,1,1
ymaF,1,1
ctpB,1,1
citH,1,1
amiE,1,1
dpoL,1,1
yorI,1,1
slpS,1,1
eepC,1,1
ppsB,1,1
ydhUc,1,1
yonJ,1,1
ldeE,1,1
ytzH,1,1
sppO,1,1
rhgX,1,1
ldeJ,1,1
cotSA,1,1
uvsE,1,1
yodR,1,1
yomO,1,1
frlN,1,1
lgeHB,1,1
spaC,1,1
cotI,1,1
xkdU,1,1
aspP,1,1
yomE,1,1
conB,1,1
ykoT,1,1
spoVIF,1,1
yomM,1,1
yonG,1,1
rlbA,1,1
remB,1,1
yaaC,1,1
guaB,1,1
dacA,1,1
pdxS,1,1
pdxT,1,1
serS,0,1
dck,1,1
dgk,1,1
sleL,1,1
yaaI,1,1
tadA,1,1
dnaX,0,1
ebfC,1,1
recR,1,1
yaaL,1,1
yaaO,1,1
tmk,0,0
darA,1,1
yaaR,1,1
holB,0,1
ricT,1,1
dnaH,1,1
trmNF,1,1
yazA,1,1
rsmI,1,1
metS,0,1
dayD,1,1
yabE,1,1
rnmV,1,1
rsmA,1,1
prtG,1,1
ispE,0,0
ridA,1,1
glmU,1,0
pth,0,1
fin,1,1
mfd,1,1
yabM,1,1
yabN,1,1
hslR,1,1
spcP,1,1
spcQ,1,1
yabS,1,1
prkT,1,1
tilS,0,1
hprT,1,1
coaX,1,1
hslO,1,1
yacD,1,1
folP,1,0
dusB,1,1
disA,1,1
ispD,0,0
ispF,0,0
mrnC,1,1
rlmB,1,1
raeA,1,1
rpmGB,1,1
secE,0,1
nusG,1,1
rplK,1,1
rplA,1,1
rplJ,0,1
rplL,0,1
rlmG,1,1
rpoC,0,1
rulS,1,1
rpsL,0,1
rpsG,0,1
fusA,0,1
tufA,0,1
ybaC,1,1
rpsJ,0,1
rplC,0,1
rplD,0,1
rplW,0,1
rplB,0,1
rpsS,0,1
rplV,0,1
rpsC,0,1
rplP,0,1
rpmC,1,1
rpsQ,0,1
rplNA,0,1
rplX,0,1
rplE,0,1
rpsNA,0,1
rpsH,0,1
rplF,0,1
rplR,0,1
rpsE,0,1
rpmD,0,1
rplO,1,1
secY,0,1
adk,0,1
mapA,1,1
ybzG,1,1
infA,0,1
rpmJ,1,1
rpsM,0,1
rpsK,0,1
rpoA,0,1
rplQ,0,1
ecfA,1,1
ecfAB,1,1
ecfT,1,1
truA,1,1
rplM,0,1
rpsI,0,1
ybaJ,1,1
salA,1,1
kbaA,1,1
pdaB,1,1
ybaR,1,1
ybaS,1,1
eesA,1,1
btr,1,1
murP,1,1
murR,1,1
murQ,1,1
ybbJ,1,1
ybbK,1,1
rsiW,1,1
cdaA,1,1
cdaR,1,1
glmM,0,0
glmS,0,0
ybbU,1,1
ndhF,1,1
ybcC,1,1
ybcF,1,1
ybcH,1,1
ybcI,1,1
ybzH,1,1
ybcL,1,1
ybcM,1,1
skfA,1,1
skfB,1,1
skfC,1,1
skfE,1,1
skfF,1,1
skfG,1,1
skfH,1,1
ybdG,1,1
ybdJ,1,1
ybzI,1,1
ybdM,1,1
ybdN,1,1
ybxG,1,1
ybxI,1,1
cypC,1,1
ybyB,1,1
ybeC,1,1
glpQA,1,1
ybeF,1,1
ybfA,1,1
ybfB,1,1
ybfEc,1,1
ybfEn,1,1
ybfF,1,1
ybfG,1,1
ybfH,1,1
ybfI,1,1
mpr,1,1
ybfJ,1,1
cesB,1,1
ybfN,1,1
ybfP,1,1
ybfQ,1,1
gltP,1,1
gamP,1,1
gamA,1,1
gamR,1,1
ilvE,1,1
ybgF,1,1
ybgG,1,1
glnT,1,1
glsA,1,1
glnJ,1,1
glnL,1,1
kdgD,1,1
gucD,1,1
gudP,1,1
gudD,1,1
garR,1,1
garD,1,1
ycbJ,1,1
rtpA,1,1
ycbL,1,1
ycbM,1,1
ycbN,1,1
ycbO,1,1
BSU_02585,1,1
ycbP,1,1
ycbR,1,1
yczK,1,1
tatAD,1,1
tatCD,1,1
pcp,1,1
ycbU,1,1
ansZ,1,1
estA,1,1
yczC,1,1
yccF,1,1
natK,1,1
natR,1,1
natA,1,1
natB,1,1
yccK,1,1
ycdA,1,1
BSU_02785,1,1
ycdB,1,1
ycdC,1,1
cwlK,1,1
rapJ,1,1
ycdF,1,1
ycdG,1,1
znuA,1,1
znuC,1,1
znuB,1,1
yceB,1,1
niaP,1,1
yceJ,1,1
yceK,1,1
ycgA,1,1
ycgB,1,1
lctE,1,1
mdr,1,1
ycgE,1,1
ycgH,1,1
ycgI,1,1
tmrB,1,1
aroK,0,0
ycgJ,1,1
ycgK,1,1
cah,1,1
ycgL,1,1
putB,1,1
putC,1,1
putP,1,1
putR,1,1
ycgQ,1,1
ycgR,1,1
ycgS,1,1
ffoR,1,1
yczL,1,1
zinU,1,1
yckA,1,1
yckB,1,1
BSU_03385,1,1
yckC,1,1
srfT,1,1
ycxB,1,1
ycxC,1,1
ycxD,1,1
sfpAc,1,1
sfpAn,1,1
yczE,1,1
tcyC,1,1
tcyB,1,1
tcyA,1,1
bsdA,1,1
ubiX,1,1
bsdC,1,1
bsdD,1,1
yclD,1,1
yclE,1,1
dtpT,1,1
yclG,1,1
yczF,1,1
yclH,1,1
yclI,1,1
yclJ,1,1
yclK,1,1
yczM,1,1
yczN,1,1
thrD,1,0
pbtN,1,1
pbtO,1,1
pbtP,1,1
pbtQ,1,1
ycnB,1,1
ycnC,1,1
nfrAB,1,1
ycnE,1,1
yczG,1,1
cutI,1,1
cutJ,1,1
cutR,1,1
ycnL,1,1
mtlA,1,1
mtlF,1,1
mtlD,1,1
ycsA,1,1
sipU,1,1
yczH,1,1
ycsD,1,0
yczO,1,1
ribZ,1,1
pxpA,1,1
pxpG,1,1
pxpI,1,1
pxpB,1,1
pxpC,1,1
pxpR,1,1
lipC,1,1
yczI,1,1
yczJ,1,1
pbpC,1,1
ycsN,1,1
mtlR,1,1
ydaB,1,1
ydaC,1,1
lyxE,1,1
amj,1,1
ydzA,1,1
topB,1,1
epsJ,1,1
epsK,1,1
ydaL,1,1
ydaM,1,1
ydaN,1,1
kimA,1,1
nudT,1,1
poxB,1,1
BSU_04345,1,1
ydzK,1,1
ydbA,1,1
ydbB,1,1
ydbC,1,1
dctB,1,1
dctS,1,1
dctR,1,1
ydbI,1,1
ydbJ,1,1
ydbK,1,1
ydbL,1,1
ydbM,1,1
fbpB,1,1
fbpA,1,1
ydbO,1,1
ddlA,1,0
murF,0,0
cshA,1,1
acpS,0,1
alrA,0,0
ndoAI,1,1
ndoA,1,1
rsbRA,1,1
BSU_04745,1,1
ydcF,1,1
ydcG,1,1
ydcH,1,1
tex,1,1
cmpA,1,1
ydcK,1,1
ydcL,1,1
immA,1,1
immR,1,1
xis,1,1
ydzL,1,1
ydcO,1,1
BSU_04849,1,1
helP,1,1
conQ,1,1
nicK,1,1
ydcS,1,1
ydcT,1,1
yddA,1,1
conC,1,1
conD,1,1
yddF,1,1
cwlT,1,1
yddI,1,1
yddJ,1,1
yddK,1,1
rapI,1,1
yddM,1,1
yddN,1,1
lrpA,1,1
lrpB,1,1
yddQ,1,1
yddR,1,1
yddS,1,1
ydzM,1,1
yddT,1,1
ydzN,1,1
sufLC,1,1
cspC,1,1
cdnL,1,1
ydzE,1,1
ydeC,1,1
ydeD,1,1
ydeE,1,1
ydeF,1,1
ydeG,1,1
ydeH,1,1
ydeI,1,1
ydeJ,1,1
ydeK,1,1
ydeL,1,1
ydeM,1,1
ydeN,1,1
ydzF,1,1
ydeO,1,1
ydeP,1,1
ydeQ,1,1
ydeR,1,1
ydeS,1,1
ydzO,1,1
aseR,1,1
arsF,1,1
ydzSn,1,1
ydzSc,1,1
ydfB,1,1
ydfC,1,1
ydfD,1,1
ydfE,1,1
ydfF,1,1
ydfG,1,1
ydzP,1,1
ydzQ,1,1
ydfH,1,1
ydfI,1,1
cesA,1,1
ydfL,1,1
mneP,1,1
ydfN,1,1
ydfP,1,1
ydfQ,1,1
ydzH,1,1
ydzR,1,1
ydgC,1,1
ydgD,1,1
ydgE,1,1
vmlR,1,1
ydgF,1,1
ydgI,1,1
ydgJ,1,1
ydgK,1,1
ydhB,1,1
ydhC,1,1
spoL,1,1
ydhE,1,1
fra,1,1
ydhH,1,1
ydhI,1,1
ydhJ,1,1
pbuE,1,1
gmuB,1,1
gmuA,1,1
gmuC,1,1
gmuD,1,1
gmuR,1,1
gmuE,1,1
gmuF,1,1
gmuG,1,1
ydhUn,1,1
thiL,1,1
tsaE,1,1
tsaB,1,1
rimI,1,1
tsaD,1,1
ydiF,1,1
moaC,1,1
rex,1,1
tatAY,1,1
tatCY,1,1
ydiK,1,1
ydiL,1,1
ydzTc,1,1
ydzT,1,1
ydzT.1,1,1
ydzT.2,1,1
ydzTn,1,1
ydiM,1,1
ydzU,1,1
ydzV,1,1
ydiN,1,1
bsuMA,1,1
bsuMB,1,1
ydzWc,1,1
ydzWmc,1,1
ydzWmb,1,1
ydzW,1,1
ydzW.1,1,1
ydzWma,1,1
ydzWn,1,1
bsuRA,1,1
bsuRB,1,1
bsuRC,1,1
ydjB,1,1
ydjC,1,1
gutR,1,1
ydjE,1,1
ydjJ,1,1
iolT,1,1
bdhA,1,1
walM,1,1
ydjN,1,1
ydzJ,1,1
ydzX,1,1
mneS,1,1
yeaC,1,1
yeaD,1,1
yebA,1,1
yebC,1,1
yebD,1,1
yebE,1,1
yebG,1,1
yezC,1,1
yecA,1,1
yezF,1,1
yerA,1,1
yerB,1,1
yerC,1,1
yerD,1,1
pcrB,1,1
yerI,1,1
sapB,1,1
gatC,0,1
gatA,0,1
gatB,0,1
yerO,1,1
srfP,1,1
dagK,1,1
rlmCD,1,1
yefB,1,1
yefC,1,1
yeeA,1,1
yeeB,1,1
yeeC,1,1
yeeD,1,1
yezA,1,1
yezG,0,1
yeeF,1,1
yeeG,1,1
phrH,1,1
yeeI,1,1
cotK,1,1
yezE,1,1
yesE,1,1
yesF,1,1
yesL,1,1
yesM,1,1
yesN,1,1
yesO,1,1
rhgP,1,1
rhgQ,1,1
rhgH,1,1
rhgR,1,1
rhgT,1,1
yesU,1,1
yesV,1,1
yesY,1,1
yetA,1,1
lplA,1,1
lplB,1,1
lplC,1,1
lplD,1,1
yetF,1,1
hmoA,1,1
yetH,1,1
yetI,1,1
yetI.1,1,1
yezD,1,1
calJ,1,1
yetK,1,1
flvL,1,1
flvM,1,1
yetN,1,1
cypD,1,1
ltaSA,1,1
spmH,1,1
spmG,1,1
yfnF,1,1
yfnC,1,1
pynN,1,1
vdhT,1,1
ettA,1,1
yfmQ,1,1
copP,1,1
copO,1,1
yfmN,1,1
ettM,1,1
yfmL,1,1
yfmK,1,1
yfmJ,1,1
yfmI,1,1
yfmG,1,1
fecF,1,1
fecE,1,1
fecD,1,1
fecC,1,1
yfmB,1,1
yflT,1,1
pelA,1,1
maeS,1,1
citS,1,1
citT,1,1
yflP,1,1
nosA,1,1
acyP,1,1
yflK,1,1
yflJ,1,1
yflI,1,1
mapB,1,1
nagP,1,1
ltaSB,1,1
yflD,1,1
yflB,1,1
yfkT,1,1
yfkS,1,1
yfkR,1,1
yfkQ,1,1
hypO,1,1
sufLB,1,1
yfkL,1,1
yfkK,1,1
rbn,1,1
yfkF,1,1
chaA,1,1
mscC,1,1
yfkA,1,1
yfjT,1,1
pdaA,1,1
yfjR,1,1
yfjQ,1,1
yfjP,1,1
yfjO,1,1
yfzA,1,1
dusC,1,1
yfjM,1,1
yfjL,1,1
yfjF,1,1
yfjE,1,1
yfjD,1,1
yfjC,1,1
yfjB,1,1
yfjA,1,1
malR,1,1
yfiB,1,1
yfiC,1,1
catD,1,1
catE,1,1
yfiF,1,1
yfiG,1,1
yfiH,1,1
yfiI,1,1
linJ,1,1
linK,1,1
bifL,1,1
bifM,1,1
bifN,1,1
padR,1,1
estB,1,1
icaC,1,1
yfiR,1,1
yfiS,1,1
bstA,1,1
yfiU,1,1
yfiV,1,1
mprF,1,1
sxzY,1,1
sxzZ,1,1
sxzA,1,1
yfhB,1,1
yfhE,1,1
yfhF,1,1
recX,1,1
yfhH,1,1
yfhI,1,1
yfhJ,1,1
spdL,1,1
ephM,1,1
yfhO,1,1
yfhP,1,1
mutY,1,1
ygaB,1,1
ygaC,1,1
ygaD,1,1
ygaE,1,1
gsaB,1,1
bcp,1,1
ygzB,1,1
ygxA,1,1
ygzA,1,1
ygzC,1,1
ygaJ,1,1
thiC,1,1
ygaK,1,1
rpsNB,1,1
ygaO,1,1
ygzD,1,1
yhzB,1,1
queG,1,1
yhbB,1,1
trmL,1,1
yhbD,1,1
yhbE,1,1
yhbF,1,1
yhbI,1,1
yhbJ,1,1
yhcA,1,1
yhcB,1,1
yhcC,1,1
yhcD,1,1
yhcJ,1,1
dgcK,1,1
tcyP,1,1
mncR,1,1
srtA,1,1
yhcT,1,1
yhcU,1,1
glpW,1,1
yhcX,1,1
yhzG,1,1
yhxA,1,1
glpP,1,1
pgcA,1,1
yhcY,1,1
yhcZ,1,1
azr,1,1
yhdB,1,1
yhdC,1,1
nsrR,1,1
ygxB,1,1
bcaP,1,1
yhdH,1,1
yhdI,1,1
yhdJ,1,1
asiMB,1,1
asiMA,1,1
akrN,1,1
plsC,0,0
yhdP,1,1
cueR,1,1
yhdR,1,1
yhdT,1,1
crcBA,1,1
crcBB,1,1
yhdW,1,1
yhdX,1,1
mscY,1,1
srtN,1,1
yheN,1,1
dat,1,1
nhaC,1,1
bmrB,1,1
bmrC,1,1
bmrD,1,1
yheG,1,1
yheF,1,1
yheE,1,1
yheB,1,1
yheA,1,1
khtU,1,1
khtT,1,1
khtS,1,1
yhaR,1,1
yhzD,1,1
yhaQ,1,1
yhaP,1,1
sbcE,1,1
yhaL,1,1
prsA,0,1
sscA,1,1
sscB,1,1
yhaJ,1,1
yhaI,1,1
scoC,1,1
yhaH,1,1
yhzF,1,1
trpP,1,1
serC,1,1
hinT,1,1
ecsA,1,1
ecsB,1,1
ecsC,1,1
sndC,1,1
yhfA,1,1
yhgB,1,1
hmoB,1,1
hemE,1,1
hemH,1,1
hemY,1,1
yhgD,1,1
yhgE,1,1
fabHB,1,0
yhfC,1,1
yhfE,1,1
yhfF,1,1
gltT,1,1
yhfH,1,1
yhfI,1,1
lplJ,1,1
yhfK,1,1
lcfB,1,0
yhfN,1,1
yhfO,1,1
yhfP,1,1
phoE,1,1
yhfS,1,1
yhfT,1,0
bioY,1,1
yhzC,1,1
yhxD,1,1
yhjA,1,1
yhjC,1,1
yhjG,1,1
yhjH,1,1
glcP,1,1
ntdC,1,1
ntdB,1,1
ntdA,1,1
ntdR,1,1
yhjN,1,1
yhjO,1,1
yhjP,1,1
yhjQ,1,1
sbcC,1,1
hlpB,1,1
pchI,1,1
yisJ,1,1
mblK,1,1
yisL,1,1
yisN,1,1
yizA,1,1
farP,1,1
yisQ,1,1
yisR,1,1
iolQ,1,1
iolX,1,1
yisT,1,1
yisU,1,1
yisV,1,1
yisX,1,1
yisZ,1,1
yitA,1,1
yitH,1,1
yitI,1,1
samT,1,1
yitK,1,1
yitL,1,1
yitM,1,1
yitO,1,1
yitP,1,1
yizB,1,1
yitQ,1,1
yitR,1,1
nprB,1,1
fakBB,1,1
yitT,1,1
ipi,1,1
yizC,1,1
ribZC,1,1
yitV,1,1
yitW,1,1
yitY,1,1
yitZ,1,1
yjzC,1,1
yjzD,1,1
yjaU,1,1
yjaV,1,1
yjzB,1,1
yjaZ,1,1
appAn,1,1
appAc,1,1
appB,1,1
appC,1,1
yjbA,1,1
trpS,0,1
oppA,1,1
oppB,1,1
oppC,1,1
oppD,1,1
oppF,1,1
yjbB,1,1
spxA,1,1
BSU_11515,1,1
BSU_11525,1,1
coiA,1,1
pepF,1,1
yizD,1,1
spxH,1,1
yjbI,1,1
cwlQ,1,1
yjbK,1,1
yjbL,1,1
relP,1,1
ppnKA,0,0
yjbO,1,1
prpE,1,1
kefQ,1,1
tenA,1,1
thiO,1,1
thiD,1,1
fabI,1,0
cotO,1,1
BSU_11798,1,1
yjzK,1,1
yjcB,1,1
yjcD,1,1
yjzE,1,1
yjcF,1,1
yjcG,1,1
yjcH,1,1
metI,1,1
metC,1,1
yjcK,1,1
yjcL,1,1
yjcM,1,1
yjzF,1,1
yjzG,1,1
yjcO,1,1
yjcR,1,1
yjcS,1,1
yjdA,1,1
manR,1,1
manP,1,1
manA,1,1
yjdF,1,1
yjdG,1,1
trnE,1,1
yjzH,1,1
yjdJ,1,1
ctaO,1,1
pdaC,1,1
yjfC,1,1
yjgA,1,1
yjgC,1,1
yjgD,1,1
yjhA,1,1
yjhB,1,1
yjiA,1,1
cypE,1,1
ppuG,1,1
yjzI,1,1
yjjA,1,1
yjkA,1,1
yjkB,1,1
yjlA,1,1
yjlB,1,1
yjlC,1,1
ndh,1,1
exuM,1,1
yjnA,1,1
yjoA,1,1
yjpA,1,1
xlyB,1,1
yjqA,1,1
pghB,1,1
xpdC,1,1
yjzJ,1,1
ykzK,1,1
ykzL,1,1
ykzM,1,1
xkdN,1,1
xkzB,1,1
xkdO,1,1
xkdP,1,1
xkdQ,1,1
xkdS,1,1
xkdT,1,1
xkzA,1,1
xkdV,1,1
xkdW,1,1
xkdX,1,1
xepA,1,1
xhlA,1,1
xhlB,1,1
xlyA,1,1
spoIISC,1,1
spoIISB,1,1
spoIISA,1,1
pitB,1,1
ykaA,1,1
steT,1,1
mhqA,1,1
BSU_12875,1,1
ykcB,1,1
ykcC,1,1
proCC,1,1
aeeB,1,1
pgl,1,1
ddaH,1,1
ykhA,1,1
hmpA,1,1
ykzH,1,1
ykjA,1,1
ykkA,1,1
ykkB,1,1
gdnC,1,1
gdnD,1,1
purU,1,1
proB,1,1
proA,1,1
ohrA,1,1
ohrR,1,1
ohrB,1,1
ykzN,1,1
guaN,1,1
metE,1,1
ispA,1,0
rsbRB,1,1
thiX,1,1
thiW,1,1
thiV,1,1
thiU,1,1
ykoG,1,1
ykoH,1,1
ykoI,1,1
ykoJ,1,1
ykzD,1,1
mgtE,0,1
ykoM,1,1
ykoN,1,1
ykoP,1,1
ykoQ,1,1
ligD,1,1
ligV,1,1
dgcW,1,1
ykoX,1,1
ykoY,1,1
sigI,1,1
rsgI,1,1
htpK,1,1
htpX,1,1
ktrD,1,1
ykzP,1,1
ykzE,1,1
ykrP,1,1
kinE,1,1
BSU_13545,1,1
mtnA,1,1
mtnK,1,1
mtnU,1,1
mtnE,1,1
mtnW,1,1
mtnX,1,1
mtnB,1,1
mtnD,1,1
ykvA,1,1
eag,1,1
kinD,1,1
mhqR,1,1
queC,1,1
queD,1,1
queE,1,1
queF,1,1
ykvN,1,1
ykvO,1,1
ykvP,1,1
ykzQ,1,1
ykvQ,1,1
ykzR,1,1
ykvS,1,1
ykzS,1,1
ykvT,1,1
stoA,1,1
pfeT,1,1
papB,1,1
ykvZ,1,1
glcT,1,1
ykwB,1,1
ohaC,1,1
ykwD,1,1
pbpH,1,1
dapX,1,0
ykzT,1,1
kre,1,1
ykuC,1,1
ltdD,1,1
ppeE,1,1
fadH,1,1
ykzU,1,1
ykuH,1,1
ykuI,1,1
ykuJ,1,1
ykuK,1,1
abbA,1,1
ykuL,1,1
fldN,1,1
fldP,1,1
dapH,0,0
dapI,1,0
ykuS,1,1
mscT,1,1
ahpA,1,1
ykuV,1,1
mobA,1,1
moeB,1,1
moeA,1,1
mobB,1,1
moaE,1,1
moaD,1,1
yknU,1,1
yknV,1,1
skiW,1,1
skiX,1,1
skiY,1,1
skiZ,1,1
ykoA,1,1
ykpA,1,1
panE,1,1
ampS,1,1
ykpC,1,1
mreBH,1,1
abhA,1,1
ykqA,1,1
ktrC,1,1
adeC,1,1
rnjA,0,1
rnpZA,1,1
ykrA,1,1
defB,1,1
ykzV,1,1
BSU_14568,1,1
ykyA,1,1
slp,1,1
rgpA,1,1
speA,1,1
yktA,1,1
yktB,1,1
ykzI,1,1
suhB,1,1
ykzC,1,1
yktD,1,1
nprE,1,1
ylaA,1,1
ylaB,1,1
sigP,1,1
sigQ,1,1
ylaE,1,1
ylaF,1,1
bipA,1,1
ylaH,1,1
ylaI,1,1
ylaK,1,1
ylaL,1,1
glsB,1,1
ylaN,0,1
ftsW,0,1
pycA,1,1
ylbA,1,1
ylbD,1,1
ylbE,1,1
ricF,1,1
ylbG,1,1
rsmD,1,1
coaD,0,1
spoVV,1,1
ylbK,1,1
ylbL,1,1
ylbM,1,1
ylzH,1,1
ylbN,1,1
rpmF,1,1
gerR,1,1
ylbP,1,1
panE.1,1,1
bshC,1,1
mraZ,1,1
rsmH,1,1
ftsL,0,1
pbpB,0,1
murE,0,0
mraY,0,0
murD,0,0
bpr,1,1
ylmA,1,1
thiQ,1,1
ylmC,1,1
ylmD,1,1
ylmE,1,1
sepF,1,1
ylmG,1,1
ylmH,1,1
divIVA,1,1
ileS,0,1
ylyA,1,1
lspA,1,1
rluD,1,1
sumT,1,1
sirB,1,1
sirC,1,1
fbnA,1,1
yloC,1,1
remA,1,1
gmk,0,0
rpoZ,1,1
coaBC,0,1
priA,0,1
defA,1,1
fmt,1,1
rsmB,1,1
rlmN,1,1
prpC,1,1
prkC,1,1
rsgA,1,1
rpe,1,1
thiN,1,1
rpmB,1,1
yloU,1,1
yloV,1,1
sdaAB,1,1
sdaAA,1,1
recG,1,1
acpA,0,1
rpsP,0,1
ylqC,1,1
ylqD,1,1
rimM,1,1
trmD,0,1
rplS,0,1
rbgA,0,1
rnhB,1,1
ylqG,1,1
ylqH,1,1
sucC,1,1
sucD,1,1
dprA,1,1
topA,1,1
trmFO,1,1
flgD,1,1
swrD,1,1
flhG,1,1
swrB,1,1
rpsB,0,1
tsf,0,1
pyrH,0,0
frr,0,1
uppS,0,1
cdsA,0,0
dxr,0,0
rasP,1,1
proS,0,1
polC,0,1
rimP,1,1
rulR,1,1
rulQ,1,1
truB,1,1
ribC,0,1
rpsO,0,1
pnpA,1,1
ylxY,1,1
mlpA,1,1
ymxH,1,1
spoVFA,1,1
spoVFB,1,1
rnjB,1,1
tepA,1,1
tepJ,1,1
ymfC,1,1
bcbE,1,1
ymfF,1,1
ymfH,1,1
efpI,1,1
ymfJ,1,1
ymfKn,1,1
ymfKc,1,1
rodZ,1,1
pgsA,0,0
cinA,1,1
rny,1,1
pdeB,1,1
tdh,1,1
kbl,1,1
miaB,1,1
ricA,1,1
mutS,1,1
mutL,1,1
ymzD,1,1
ymcC,1,1
pksA,1,1
pksB,1,1
BSU_17099,1,1
pksC,1,1
pksD,1,1
pksE,1,1
acpK,1,1
pksF,1,1
pksG,1,1
pksH,1,1
pksI,1,1
pksR,1,1
pksS,1,1
ymzB,1,1
ymaE,1,1
ymzEn,1,1
ymzEc,1,1
pghC,1,1
ymaD,1,1
ebrB,1,1
ebrA,1,1
ymaG,1,1
miaA,1,1
hfq,1,1
ymzC,1,1
ymzA,1,1
nrdI,0,1
cwlC,1,1
hflX,1,1
ynbB,1,1
ynxB,1,1
ynzF,1,1
ynzG,1,1
ynaB,1,1
ynaC,1,1
ynaD,1,1
ynaE,1,1
ynaF,1,1
ynaG,1,1
ynzI,1,1
ynaI,1,1
xylR,1,1
yncB,1,1
yncC,1,1
alrB,1,1
yncE,1,1
dutA,1,1
cotU,1,1
ynzJ,1,1
BSU_17679,1,1
thyA,1,1
BSU_17689,1,1
yncM,1,1
ynzK,1,1
tatAC,1,1
BSU_17715,1,1
flvS,1,1
ynzB,1,1
yndG,1,1
yndH,1,1
yndJ,1,1
yndK,1,1
pghL,1,1
yndM,1,1
fosB,1,1
yzzP,1,1
dinK,1,1
dinL,1,1
tktA,1,0
pcfA,1,1
yneF,0,1
spo0D,1,1
yneK,1,1
yneN,1,1
ynzL,1,1
sspT,1,1
yneP,1,1
yneQ,1,1
yneR,1,1
plsY,0,1
yneT,1,1
ynfCc,1,1
ynfCn,1,1
eglS,1,1
ynfE,1,1
xynC,1,1
xynD,1,1
yngA,1,1
yngB,1,1
yngC,1,1
nrnB,1,1
ynzE,1,1
BSU_18275,1,1
yngK,1,1
yngL,1,1
ppsE,1,1
galM,1,1
yoeA,1,1
iseA,1,1
yoeC,1,1
yoeD,1,1
ggt,1,1
ftsR,1,1
yogA,1,1
proJ,1,1
proH,1,1
rtp,1,1
yoxD,1,1
yoaB,1,1
yoaC,1,1
yoaD,1,1
yoaE,1,1
BSU_18595,1,1
BSU_18596,1,1
yoaI,1,1
exlX,1,1
yoaK,1,1
pelB,1,1
yoaM,1,1
yozS,1,1
oxdD,1,1
yoaO,1,1
BSU_18689,1,1
yoaP,1,1
yoaQ,1,1
yozT,1,1
yozF,1,1
yoaS,1,1
yozG,1,1
yoaT,1,1
yoaU,1,1
yoaV,1,1
yoaZ,1,1
penP,1,1
yobA,1,1
yozU,1,1
yobB,1,1
yppS,1,1
yozV,1,1
yobD,1,1
yozH,1,1
yozI,1,1
yobE,1,1
yobF,1,1
yozW,1,1
yozX,1,1
yozJ,1,1
yozY,1,1
yozZ,1,1
rapK,1,1
yobHc,1,1
yobHm,1,1
yobI,1,1
yoyA,1,1
bsrE,1,1
rttM,1,1
rttL,1,1
yobM,1,1
yobN,1,1
csaA,1,1
yobQ,1,1
yobR,1,1
yobS,1,1
yobT,1,1
yobU,1,1
yobV,1,1
czrA,1,1
yocA,1,1
yozB,1,1
yocB,1,1
yocC,1,1
yocD,1,1
desE,1,1
desK,1,1
desR,1,1
walL,1,1
recQ,1,1
azoJ,1,1
yocL,1,1
yoyB,1,1
yocM,1,1
yozN,1,1
yocN,1,1
yozC,1,1
dhaS,1,0
yocR,1,1
yocS,1,1
yojO,1,1
yojN,1,1
sodC,1,1
cwlS,1,1
yojK,1,1
cdaS,1,1
mdtK,1,1
rsbRC,1,1
bshBB,1,1
yojF,1,1
yoyC,1,1
yojE,1,1
gerT,1,1
yojB,1,1
yojA,1,1
yodA,1,1
arxR,1,1
noxC,1,1
yodD,1,1
yodE,1,1
yoyD,1,1
ctpA,1,1
yodH,1,1
yodI,1,1
ldcB,1,1
deoD,1,1
yoyE,1,1
yodL,1,1
pgpB,1,1
yozD,1,1
yoyF,1,1
yodN,1,1
yozE,1,1
yokU,1,1
BSU_19745,1,1
yoyG,1,1
phyC,1,1
spsMn,1,1
sprB,1,1
yotM,1,1
yotL,1,1
yotJ,1,1
yotI,1,1
yotH,1,1
yotG,1,1
yotF,1,1
yotE,1,1
BSU_19915,1,1
yotD,1,1
yotC,1,1
yotB,1,1
yosX,1,1
yosW,1,1
yosV,1,1
yojW,1,1
yosU,1,1
yosT,1,1
dutB,1,1
yosR,1,1
nrdFB,1,1
yosQ,1,1
nrdIB,1,1
yosL,1,1
yosK,1,1
yosJ,1,1
yosI,1,1
yosH,1,1
yosG,1,1
yosF,1,1
yosE,1,1
yosD,1,1
yosC,1,1
yosB,1,1
yosA,1,1
yorZ,1,1
yorY,1,1
yorX,1,1
yorW,1,1
yorV,1,1
yorT,1,1
yorS,1,1
yorR,1,1
yorQ,1,1
yorP,1,1
yorO,1,1
yorN,1,1
yorM,1,1
yorJ,1,1
yorH,1,1
yorG,1,1
yorF,1,1
yorE,1,1
yorD,1,1
yorA,1,1
pghZ,1,1
yoqY,1,1
yoqX,1,1
yoqW,1,1
yoqV,1,1
yoqU,1,1
yoqT,1,1
yoqS,1,1
yoqR,1,1
yoqP,1,1
yoqO,1,1
yoqN,1,1
yoqM,1,1
yoqL,1,1
yoqK,1,1
yoqJ,1,1
yoqI,1,1
yoqH,1,1
yoqG,1,1
yoqF,1,1
yoqE,1,1
yoqD,1,1
yoqC,1,1
yoqB,1,1
yoqA,1,1
yopZ,1,1
yopY,1,1
yopX,1,1
yopW,1,1
yopV,1,1
yopU,1,1
yopT,1,1
yopS,1,1
yopR,1,1
yopQ,1,1
yopP,1,1
yopO,1,1
yopN,1,1
yopM,1,1
aimP,1,1
aimR,1,1
yopJ,1,1
yopI,1,1
sieB,1,1
yopG,1,1
yopF,1,1
yopE,1,1
yoyH,1,1
yoyI,1,1
yopD,1,1
yopC,1,1
yopB,1,1
yopA,1,1
yonX,1,1
yonV,1,1
yonU,1,1
yoyJ,1,1
spbT,1,1
yonS,1,1
yonR,1,1
yonP,1,1
yonO,1,1
hupN,1,1
BSU_21058,1,1
yonK,1,1
yonI,1,1
yonH,1,1
yonF,1,1
yonD,1,1
yonC,1,1
yonB,1,1
yonA,1,1
yomZ,1,1
yomY,1,1
yomX,1,1
yomW,1,1
yomV,1,1
yomU,1,1
youA,1,1
yomT,1,1
yomS,1,1
yomQ,1,1
yomP,1,1
yomN,1,1
yozP,1,1
yomL,1,1
youB,1,1
yomK,1,1
yomJ,1,1
yomH,1,1
yomG,1,1
yomF,1,1
yomD,1,1
BSU_21409,1,1
blyA,1,1
bhlA,1,1
bhlB,1,1
sunS,1,1
sunI,1,1
yolB,1,1
yolA,1,1
bsrG,1,1
yokL,1,1
yokK,1,1
yokJ,1,1
yokI,1,1
yokH,1,1
yoyK,1,1
yoyK.1,1,1
yokG,1,1
nukF,1,1
yokE,1,1
aacD,1,1
BSU_21638,1,1
BSU_21639,1,1
yokC,1,1
yokB,1,1
sprA,1,1
spsMc,1,1
msrB,1,1
msrA,1,1
ypoP,1,1
dinF,1,1
ypmT,1,1
ypmS,1,1
ypmR,1,1
scuA,1,1
silP,1,1
yplQ,1,1
ypkP,1,1
dfrA,0,0
thyB,1,1
ypjQ,1,1
ypjP,1,1
rsmJ,1,1
brxA,1,1
ypgR,1,1
hdhQ,1,1
bsaA,1,1
metAA,1,1
ugtP,1,0
BSU_21925,1,1
cspD,1,1
ypeQ,1,1
ypeP,1,1
queP,1,1
ypdQ,1,1
exnP,1,1
ypzF,1,1
ypbS,1,1
dynA,1,1
fbpC,1,1
bpsB,1,1
bpsA,1,1
ypwA,1,1
kduI,1,1
kduD,1,1
ypvA,1,1
yptA,1,1
ypzG,1,1
rlmKB,1,1
gpsB,1,1
ypsA,1,1
BSU_22205,1,1
yprB,1,1
yprA,1,1
ypqE,1,1
yppG,1,1
yppF,1,1
yppE,1,1
yppD,1,1
yppC,1,1
recU,1,1
ponA,1,1
ypoC,1,1
nth,1,1
dnaD,0,1
asnS,1,1
aspB,1,1
tseB,1,1
ypmA,1,1
dinG,1,1
panD,1,1
panC,1,1
panB,1,1
cca,0,1
bshA,1,1
bshBA,1,1
mgsA,1,1
dapB,0,0
ypjD,1,1
ypjC,1,1
ypjA,1,1
ypiF,1,1
ypiB,1,1
ypiA,1,1
aroA,1,0
aroH,1,1
aroB,1,0
aroF,0,0
cheR,1,1
ndk,1,0
hepT,1,0
menG,1,0
hepS,1,0
folEA,0,0
yphF,1,1
yphE,1,1
gpsA,1,0
der,1,1
ypzH,1,1
yphB,1,1
ypzI,1,1
fni,1,1
rpfA,1,1
cmk,0,0
ypfB,1,1
dgrA,1,1
sleC,1,1
prsW,1,1
ypdA,1,1
mecB,1,1
ypbG,1,1
ypbF,1,1
ypbE,1,1
ypbD,1,1
recS,1,1
gmmB,1,1
fer,1,1
fmnP,1,1
serA,1,1
aroC,1,0
rluB,1,1
ypuI,1,1
spcB,1,1
scpA,0,1
ypuF,1,1
ypzK,1,1
ribBA,1,1
ypzC,1,1
ypzJ,1,1
ypuC.1,1,1
BSU_23349,1,1
ypzD,1,1
ypuA,1,1
spoVAEA,1,1
spoVAEB,1,1
pupG,1,1
deoB,1,1
ripX,1,1
yqzK,1,1
yqkK,1,1
mleA,1,1
mleN,1,1
ansR,1,1
yqxK,1,1
nudF,1,1
mciZ,1,1
yqkF,1,1
yqkE,1,1
yqkD,1,1
yqkC,1,1
yqkB,1,1
yqkA,1,1
yqjZ,1,1
yqjY,1,1
polYB,1,1
yqjV,1,1
yqjU,1,1
yqjT,1,1
coaA,1,1
dsdA,1,1
yqjQ,1,1
yqjP,1,1
proI,1,1
yqjN,1,1
yqjM,1,1
rpmGCc,1,1
rpmGCn,1,1
rnz,0,1
zwf,1,1
gndA,1,1
polYA,1,1
mifM,1,1
oxaAB,1,1
yqjF,1,1
yqjE,1,1
yqjD,1,1
yqjC,1,1
yqjB,1,1
yqjA,1,1
artR,1,1
artQ,1,1
artP,1,1
brxB,1,1
bkdR,1,1
yqzF,1,1
mmgF,1,1
yqiI,1,1
yqiH,1,1
BSU_24205,1,1
yqiG,1,1
recN,1,1
argR,1,1
yqxC,1,1
dxs,0,0
ispA.1,1,1
xseB,1,1
xseA,1,1
yqhY,1,1
accC,0,0
accB,0,0
yqhV,1,1
efp,1,1
papA,1,1
yqhS,1,1
yqhR,1,1
yqhO,1,1
lipM,1,1
yqhL,1,1
gcvPB,1,1
gcvPA,1,1
gcvT,1,1
yqhG,1,1
tapA,1,1
spoIIT,1,1
rsbRD,1,1
mgsR,1,1
yqgY,1,1
yqgX,1,1
yqgW,1,1
yqgV,1,1
yqgU,1,1
yqgT,1,1
ltaSC,1,1
glcK,1,1
yqgQ,1,1
glpG,1,1
yqgO,1,1
folN,1,1
rpmGA,1,1
yqgM,1,1
yqgL,1,1
yqzD,1,1
yqzC,1,1
pbpA,1,1
yqgE,1,1
sodA,1,1
yqgC,1,1
yqgB,1,1
yqgA,1,1
ispG,0,0
yqfX,1,1
yqfW,1,1
zur,1,1
yqfT,1,1
nfo,1,1
cshB,1,1
yqfQ,1,1
ispH,0,0
yqfO,1,1
trmK,1,1
cccA,1,1
ppsR,1,1
ccpN,1,1
glyS,0,1
glyQ,0,1
recO,1,1
yqzL,1,1
unpK,1,1
rnrY,1,1
pgpH,1,1
phoH,1,1
floA,1,1
nfeDA,1,1
yqeY,1,1
rpsU,1,1
yqeW,1,1
mtaB,1,1
rsmE,1,1
prmA,1,1
rpsT,1,1
holA,0,1
BSU_25565,1,1
yqzM,1,1
comER,1,1
yqeM,1,1
rsfS,1,1
yqeK,1,1
nadD,0,0
yqeI,1,1
rgpH,1,1
yqeG,0,1
yqeF,1,1
yqeD,1,1
yqeC,1,1
yqeB,1,1
sigKn,1,1
yqcI,1,1
yqzI,1,1
rttG,1,1
rttF,1,1
BSU_25875,1,1
yqxJ,1,1
yqxI,1,1
cwlA,1,1
yqxH,1,1
yqxG,1,1
yqcE,1,1
yqcD,1,1
yqcC,1,1
yqcB,1,1
yqcA,1,1
yqbT,1,1
yqbS,1,1
yqbR,1,1
yqbQ,1,1
yqbP,1,1
yqbO,1,1
yqbNc,1,1
yqbNn,1,1
txpA,1,1
bsrH,1,1
yqbM,1,1
yqbK,1,1
yqzN,1,1
yqbJ,1,1
yqbI,1,1
yqbH,1,1
yqbG,1,1
yqbF,1,1
yqbE,1,1
yqbD,1,1
yqbC,1,1
yqbB,1,1
yqbA,1,1
yqaT,1,1
yqaS,1,1
yqaR,1,1
yqaQ,1,1
yqaP,1,1
yqaO,1,1
yqaN,1,1
yqzO,1,1
sknM,1,1
yqaL,1,1
yqaK,1,1
yqaJ,1,1
yqaI,1,1
BSU_26305,1,1
sknH,1,1
yqaG,1,1
yqdA,1,1
yqaF,1,1
sknR,1,1
yqaD,1,1
yqaC,1,1
yqaB,1,1
sigKc,1,1
BSU_26399,1,1
yrkS,1,1
psiE,1,1
yrkQ,1,1
yrkP,1,1
yrkO,1,1
BSU_26449,1,1
yrkN,1,1
yrkL,1,1
yrkK,1,1
yrkJ,1,1
yrkI,1,1
yrkH,1,1
yrkF,1,1
yrkE,1,1
yrkD,1,1
yrzM,1,1
yrzN,1,1
yrkC,1,1
BSU_26569,1,1
yrkB,1,1
bltR,1,1
yrkA,1,1
yrzO,1,1
yrdR,1,1
czcR,1,1
yrdP,1,1
czcD,1,1
yrdN,1,1
yrdF,1,1
cypA,1,1
yrdDc,1,1
yrdDm,1,1
yrdDn,1,1
yrdC,1,1
yrdB,1,1
yrdA,1,1
aadK,1,1
yrpB,1,1
murI,1,0
yrpD,1,1
BSU_26829,1,1
yrpDX,1,1
BSU_26827,1,1
zinT,1,1
sigZ,1,1
yrpG,1,1
yraO,1,1
yraN,1,1
prpF,1,1
csn,1,1
yraL,1,1
yraK,1,1
yraJ,1,1
yraI,1,1
BSU_26935,1,1
yraH,1,1
adhR,1,1
yrzP,1,1
adhA,1,1
sufL,1,1
BSU_27035,1,1
levR,1,1
BSU_27085,1,1
aapA,1,1
yrhP,1,1
yrhO,1,1
sigV,1,1
rsiV,1,1
oatA,1,1
yrhK,1,1
cypB,1,1
bscR,1,1
BSU_27185,1,1
yrzI,1,1
yrhG,1,1
yrhF,1,1
yrhE,1,1
yrhD,1,1
mccB,1,1
mccA,1,1
mtnN,1,1
yrzA,1,1
pbpI,1,1
greA,1,1
udk,1,1
yrrO,1,1
yrrN,1,1
yrrM,1,1
yrrL,1,1
yrzB,1,1
rimF,1,1
yrzL,1,1
alaS,0,1
yrrI,1,1
yrzQ,1,1
yrzR,1,1
recDB,1,1
yrrB,1,1
mnmA,1,1
iscSA,1,1
rarA,1,1
tcdA,1,1
aspS,0,1
hisS,0,1
yrzK,1,1
yrvJ,1,1
dtd,1,1
rsh,1,1
apt,1,1
recJ,1,1
yrvC,1,1
secDF,1,1
comN,1,1
yrbG,1,1
yrzE,1,1
yrbF,1,1
tgt,1,1
queA,1,1
yrzS,1,1
yrbE,1,1
yrzF,1,1
BSU_27786,1,1
yrzH,1,1
yrzT,1,1
alaP,1,1
yrbC,1,1
sgpA,1,1
niaR,1,1
pheA,1,1
thrR,1,1
obgE,1,1
BSU_27935,1,1
rpmA,0,1
rppA,1,1
rplU,0,1
mreD,0,1
mreC,0,1
mreB,0,1
maf,1,1
spoIIB,1,1
yszA,1,1
cotN,1,1
ysxD,1,1
engB,1,1
tig,1,1
ysoA,1,1
cotQ,1,1
ysnE,1,1
ysnB,1,1
rdgB,1,1
rph,1,1
rcmE,1,0
ysmB,1,1
ysmA,1,1
yslB,1,1
lysCA,1,0
lysCB,1,1
BSU_28509,1,1
abfB,1,1
fadB,1,1
fadR,1,1
yshE,1,1
mutSB,1,1
polX,1,1
yshB,1,1
zapA,1,1
rnhC,1,1
BSU_28645,1,1
rlmBB,1,1
ysfB,1,1
glcD,1,1
glcF,1,1
ysfE,1,1
BSU_28709,1,1
cstA,1,1
egsA,1,1
frvX,1,1
pftB,1,1
pftA,1,1
lytT,1,1
lytS,1,1
ysaA,1,1
ytxB,1,1
dnaI,0,1
dnaB,0,1
nrdR,1,1
ytcD,1,1
ytbD,1,1
ytbE,1,1
coaE,0,1
spcF,1,1
mutM,1,1
polA,1,1
ytwI,1,1
ytzA,1,1
pyk,1,1
pfkA,1,1
accA,0,0
accD,0,0
maeB,1,1
dnaEC,1,1
ytzJ,1,1
nrnA,1,1
ytpI,1,1
ytoI,1,1
cmoJ,1,1
cmoI,1,1
cmoO,1,1
tcyN,1,1
tcyM,1,1
tcyK,1,1
tcyJ,1,1
snaA,1,1
ascR,1,1
ytkK,1,1
ytzD,1,1
argH,1,1
argG,1,1
moaB,1,1
BSU_29479,1,1
ytxK,1,1
tpx,1,1
gerW,1,1
ppnKB,1,1
ytcJ,1,1
ytcI,1,1
trmG,1,1
iscSB,1,1
braB,1,1
hisK,1,1
refZ,1,1
msrC,1,1
dgcP,1,1
motS,1,1
motP,1,1
aroX,1,0
brxJ,1,1
murC,0,0
sftA,1,1
ytpR,1,1
ytpQ,1,1
ytpP,1,1
BSU_29845,1,1
ytoQ,1,1
ytoP,1,1
ytzB,1,1
maeC,1,1
ytnP,1,1
trmB,1,1
ytmP,1,1
amyX,1,1
ytlR,1,1
ytlQ,1,1
ytlP,1,1
ytkP,1,1
ytjP,1,1
pbuO,1,1
ytzE,1,1
rsuA,1,1
murJ,1,1
ytfP,1,1
opuD,1,1
rmgU,1,1
rmgT,1,1
rmgS,1,1
rmgQ,1,1
rmgP,1,1
rmgR,1,1
ytcQ,1,1
ytcP,1,1
ytaP,1,1
msmR,1,1
msmE,1,1
msmF,1,1
msmG,1,1
melA,1,1
ytwF,1,1
leuS,0,1
ytvB,1,1
blrA,1,1
yttB,1,1
bceB,1,1
bceA,1,1
bceS,1,1
bceR,1,1
BSU_30466,1,1
ytzC,1,1
ytqA,1,1
ytqB,1,1
tbcS,1,1
ytpA,1,1
ytoA,1,1
ytnA,1,1
asnB,1,0
metK,0,1
ytmB,1,1
ytmA,1,1
ytlC,1,1
ytlD,1,1
rppG,1,1
ytkC,1,1
ytzI,1,1
ytkA,1,1
luxS,1,1
ytjA,1,1
ytiB,1,1
rpmEB,1,1
ythA,1,1
ythB,1,1
ytzL,1,1
menH,1,1
ytdA,1,1
ytcA,1,1
ytcB,1,0
ytcC,1,1
cotOO,1,1
ytaB,1,1
thiT,1,1
floT,1,1
nfeDB,1,1
yuaE,1,1
yuaD,1,1
gbsB,1,1
gbsA,1,1
gbsR,1,1
bslA,1,1
ktrA,1,1
ktrB,1,1
yubF,1,1
lytG,1,1
yubD,1,1
cdoA,1,1
uppP,1,0
yubA,1,1
iolU,1,1
rhaA,1,1
rhaM,1,1
rhaB,1,1
rhaR,1,1
rhaE,1,1
tgl,1,1
yuzH,1,1
yugU,1,1
BSU_31289,1,1
yugT,1,1
yugS,1,1
yugP,1,1
yuzI,1,1
mstX,1,1
kbfO,1,1
yugN,1,1
yugM,1,1
pgi,1,1
bdhK,1,1
bdhJ,1,1
yugI,1,1
yugH,1,1
yugG,1,1
yugF,1,1
yugE,1,1
patB,1,1
kapD,1,1
yuxJ,1,1
yufK,1,1
maeL,1,1
maeM,1,1
nupN,1,1
nupO,1,1
nupP,1,1
nupQ,1,1
yufS,1,1
mrpA,0,1
mrpB,0,1
mrpC,0,1
mrpD,0,1
mrpE,0,1
mrpF,0,1
mrpG,0,1
comP,1,1
BSU_31725,1,1
cotIC,1,1
pdeH,1,1
pncB,0,1
pncA,1,1
yueI,1,1
yueH,1,1
yueG,1,1
yueF,1,1
yuzE,1,1
yuzF,1,1
yueE,1,1
bznD,1,1
yueC,1,1
yueB,1,1
yukAB,1,1
yukC,1,1
yukD,1,1
yukE,1,1
adeR,1,1
yukJ,1,1
mbtH,1,1
besA,1,1
yuiH,1,1
bioYB,1,1
hisP,1,1
pepA,1,1
yuiD,1,1
spsC,1,1
yuiB,1,1
yuiA,1,1
yumB,1,1
trxBB,1,1
yuzG,1,1
paiB,1,1
paiA,1,1
sufA,1,1
dapF,0,0
yutK,1,1
yuzB,1,1
yutJ,1,1
yuzD,1,1
yutI,1,1
yuxL,1,1
thrB,1,1
thrC,1,1
hom,1,1
cotNH,1,1
yutG,1,1
nucF,1,1
yutE,1,1
yutD,1,1
yutC,1,1
lipA,1,1
lytH,1,1
fisB,1,1
yunC,1,1
yunD,1,1
yunE,1,1
yunF,1,1
yunG,1,1
pucR,1,1
yuzJ,1,1
pucG,1,1
pucF,1,1
BSU_32539,1,1
bsnA,1,1
frlP,1,1
frlR,1,1
frlD,1,1
frlO,1,1
frlB,1,1
yurQ,1,1
dadA,1,1
glxB,1,1
yuzN,1,1
sufB,0,1
sufU,1,1
sufS,0,1
sufD,0,1
sufC,0,1
yuzK,1,1
yurZ,1,1
metQ,1,1
metP,1,1
metN,1,1
yusD,1,1
yusE,1,1
yusF,1,1
yusG,1,1
gcvH,1,1
yusI,1,1
fadE,1,1
fadA,1,1
fadN,1,1
yuzL,1,1
yuzM,1,1
yusN,1,1
mdtR,1,1
mdtP,1,1
yusQ,1,1
yusR,1,1
yusS,1,1
yusT,1,1
yusU,1,1
feuV,1,1
cotNW,1,1
yusYc,1,1
yusYn,1,1
yusZ,1,1
htrB,1,1
spxO,1,1
yuxN,1,1
fumC,1,1
yvzF,1,1
liaR,1,1
liaS,1,1
liaF,1,1
liaG,1,1
liaH,1,1
liaI,1,1
yvqJ,1,1
yvqK,1,1
yvrA,1,1
yvrB,1,1
yvrC,1,1
yvrD,1,1
yvrG,1,1
rsoA,1,1
sigO,1,1
yvrJ,1,1
oxdC,1,1
rsiO,1,1
fhuC,1,1
fhuG,1,1
fhuB,1,1
lysP,1,1
yvsG,1,1
ltaSP,1,1
yvgK,1,1
modA,1,1
modB,1,1
pgoN,1,1
nhaK,1,1
cysI,1,1
cysJ,1,1
helD,1,1
yvgT,1,1
cadA,1,1
copA,1,1
copZ,1,1
csoR,1,1
iolW,1,1
azoRB,1,1
yvaC,1,1
yvaD,1,1
yvaE,1,1
yvaF,1,1
yvaG,1,1
smpB,1,1
rnr,1,1
estA.1,1,1
secG,1,1
yvaM,1,1
yvzC,1,1
rghRA,1,1
rghRB,1,1
catR,1,1
yvaQ,1,1
yvaV,1,1
sdpA,1,1
sdpB,1,1
spbC,1,1
sdpI,1,1
sdpR,1,1
opuCD,1,1
opuCC,1,1
opuCB,1,1
opuCA,1,1
opcR,1,1
yvbG,1,1
yvbH,1,1
yvbI,1,1
yvbJ,1,1
yvbK,1,1
yvbT,1,1
yvbU,1,1
cyeB,1,1
yvbW,1,1
yvbX,1,1
lutC,1,1
lutB,1,1
lutA,1,1
yvfU,1,1
yvfT,1,1
yvfS,1,1
yvfR,1,1
rsbQ,1,1
rsbP,1,1
ganB,1,1
ganA,1,1
ganQ,1,1
ganP,1,1
ganS,1,1
ganR,1,1
lutR,1,1
lutP,1,1
yvfG,1,1
epsO,1,1
epsN,1,1
epsM,1,1
epsL,1,1
epsK.1,1,1
epsJ.1,1,1
epsI,1,1
epsH,1,1
epsG,1,1
epsF,1,1
epsE,1,1
epsD,1,1
epsC,1,1
epsB,1,1
epsA,1,1
slrR,1,1
pnbA,1,1
BSU_34399,1,1
padC,1,1
yveG,1,1
yveF,1,1
levB,1,1
yvdT,1,1
psmA,1,1
psmB,1,1
cotNP,1,1
cotR,1,1
mdxM,1,1
mdxL,1,1
mdxK,1,1
mdxJ,1,1
mdxG,1,1
mdxF,1,1
mdxE,1,1
mdxD,1,1
mdxR,1,1
yvdD,1,1
yvdC,1,1
yvdB,1,1
yvdA,1,1
yvcT,1,1
psdB,1,1
psdA,1,1
psdS,1,1
psdR,1,1
yvzJ,1,1
yvcN,1,1
crh,1,1
whiA,1,1
mgfK,1,1
yvcJ,1,1
yvcI,1,1
trxB,0,1
cwlO,1,1
yvcD,1,1
bmrA,1,1
yvzA,1,1
yvcB,1,1
yvcA,1,1
hisIE,1,1
hisF,1,1
hisA,1,1
hisH,1,1
hisB,1,1
hisD,1,1
hisG,1,1
hisZ,1,1
yvpB,1,1
pelC,1,1
hprF,1,1
ppaX,1,1
yvoD,1,1
lgt,1,1
hprK,1,1
nagA,1,1
nagBA,1,1
nagR,1,1
yvnB,1,1
yvnA,1,1
cypX,1,1
pchC,1,1
pchR,1,1
pchE,1,1
yvkN,1,1
yvzB,1,1
yvkC,1,1
yvkB,1,1
yvkA,1,1
minJ,1,1
swrAAc,1,1
swrAAn,1,1
ftsX,1,1
ftsE,1,1
cccB,1,1
yvjA,1,1
hpf,1,1
yvzG,1,1
csrA,1,1
fliW,1,1
yviE,1,1
flgN,1,1
fakBA,1,1
yvyE,1,1
tagV,1,1
tagO,0,0
tuaAc,1,1
tuaAn,1,1
tagU,1,1
mnaA,0,0
BSU_35678,1,1
yvzH,1,1
yvzI,1,1
yvzE,1,1
tagH,0,0
tagG,0,0
pmiA,1,1
tagT,1,1
ribZB,1,1
pgdS,1,1
edmS,1,1
capA,1,1
capC,1,1
capB,1,1
ywsB,1,1
ywsA,1,1
ywrO,1,1
alsR,1,1
ywrK,1,1
ywrJ,1,1
BSU_36079,1,1
ywrF,1,1
hpxW,1,1
chrS,1,1
chrB,1,1
chrA,1,1
ywqO,1,1
ywqN,1,1
ywqM,1,1
nfi,1,1
rttO,1,1
rttN,1,1
ywqI,1,1
ywqH,1,1
BSU_36215,1,1
ywqG,1,1
uglF,1,1
ptpZ,1,1
ptkA,1,1
tkmA,1,1
ywzD,1,1
ywqB,1,1
hepA,1,1
ywpJ,1,1
ssbB,1,1
ywpG,1,1
ywpF,1,1
ywpE,1,1
ywpD,1,1
mscL,1,1
fabZ,0,0
ywoH,1,1
ywoG,1,1
ywoF,1,1
pucI,1,1
ywoD,1,1
ywoC,1,1
BSU_36499,1,1
ywoB,1,1
amtB,1,1
glnK,1,1
bcrC,1,1
ywnH,1,1
ywnG,1,1
BSU_36575,1,1
ywnF,1,1
clsA,1,0
ywnC,1,1
ywnB,1,1
ywnA,1,1
ywzE,1,1
ywzF,1,1
ywmF,1,1
moaA,1,1
fdhD,1,1
ywmD,1,1
BSU_36739,1,1
ywmC,1,1
murAA,0,0
ywmB,1,1
ywzB,1,1
ywmA,1,1
atpC,1,1
atpD,1,1
atpG,1,1
atpA,1,1
atpH,1,1
atpF,1,1
atpE,1,1
atpB,1,1
atpI,1,1
upp,1,1
rpiB,1,1
prpB,1,1
mntP,1,1
tsaC,1,1
ywlB,1,1
spoIIR,1,1
ywlA,1,1
ywkF,1,1
prmC,1,1
prfA,0,1
ywkD,1,1
racA,1,1
maeA,1,1
tdk,1,1
rpmEA,1,1
rho,1,1
BSU_37089,1,1
glpX,1,1
murAB,1,0
tal,1,1
fbaA,1,1
ywjG,1,1
fadF,1,1
clsB,1,0
ywjB,1,1
clsC,1,0
ywiC,1,1
argS,0,1
ywiB,1,1
ywhL,1,1
ywhK,1,1
ywhH,1,1
pbpG,1,1
ywhD,1,1
ywhC,1,1
hmtB,1,1
BSU_37569,1,1
mmr,1,1
ywgB,1,1
ywgA,1,1
ywfO,1,1
ywzC,1,1
psrF,1,1
ywfM,1,1
lipL,1,1
cysL,1,1
hemQ,1,1
bacG,1,1
bacF,1,1
bacE,1,1
bacD,1,1
bacC,1,1
bacB,1,1
bacA,1,1
ywfA,1,1
bslB,1,1
spsL,1,1
spsK,1,1
spsJ,1,1
spsI,1,1
spsG,1,1
spsF,1,1
spsE,1,1
spsD,1,1
spsC.1,1,1
spsB,1,1
spsA,1,1
gerQ,1,1
ywdH,1,1
ung,1,1
ywdF,1,1
ywdE,1,1
ywdD,1,1
ywzG,1,1
pdxK,1,1
nirC,1,1
sacT,1,1
ywcI,1,1
nfrAA,1,1
rodA,0,1
ywcE,1,1
qoxD,1,1
qoxC,1,1
qoxB,1,1
qoxA,1,1
ywzA,1,1
galK,1,1
ywcD,1,1
slrC,1,1
slrA,1,1
vbfB,1,1
vbfA,1,1
ywbO,1,1
efeB,1,1
efeM,1,1
efeU,1,1
cidR,1,1
cidA,1,1
cidB,1,1
ywbF,1,1
ywbE,1,1
rlmI,1,1
glxA,1,1
ywbB,1,1
ywbA,1,1
ywaF,1,1
tyrZR,1,1
tyrZ,1,1
eapD,1,1
relQ,1,1
menA,0,0
BSU_38495,1,1
ywzH,1,1
ilvK,1,1
yxzF,1,1
aag,1,1
yxlH,1,1
yxlA,1,1
nnrA,1,1
cimH,1,1
yxkI,1,1
yxkH,1,1
yxkF,1,1
gdnE,1,1
yxkA,1,1
yxjO,1,1
yxjN,1,1
yxjM,1,1
yxjL,1,1
pepT,1,1
yxjH,1,1
yxjG,1,1
rlmA,1,1
nupG,1,1
yxiTc,1,1
yxiTn,1,1
licT,1,1
yxiP,1,1
yxiO,1,1
deaD,1,1
yxiM,1,1
yxzI,1,1
yxzJ,1,1
yxiK,1,1
yxiJ,1,1
yxiI,1,1
yxzG,1,1
yxiH,1,1
yxiG,1,1
yxzC,1,1
yxiF,1,1
wapI,1,1
yxxF,1,1
yxxE,1,1
rtbE,1,1
rtbD,1,1
yxiC,1,1
yxiB,1,1
abnB,1,1
yxzL,1,1
deoC,1,1
deoR,1,1
yxxB,1,1
yxeR,1,1
sndB,1,1
snaB,1,1
yxeJ,1,1
yxeI,1,1
hadM,1,1
yxeG,1,1
yxeF,1,1
cotNE,1,1
yxeC,1,1
frxB,1,1
yxeA,1,1
tpeM,1,1
tpeL,1,1
tpeK,1,1
tpeJ,1,1
iolJ,1,1
iolG,1,1
iolA,1,1
yxcE,1,1
yxcD,1,1
yxcA,1,1
yxbG,1,1
yxbF,1,1
aldX,1,0
yxaI,1,1
qdoI,1,1
qdoR,1,1
yxnA,1,1
yxaD,1,1
yxzK,1,1
yxaC,1,1
yxaB,1,1
glxK,1,1
bglA,1,1
ptsJ,1,1
yydK,1,1
yyzN,1,1
liaM,1,1
liaL,1,1
liaK,1,1
liaE,1,1
liaD,1,1
yydD,1,1
yydC,1,1
yydB,1,1
rlmH,1,1
yyzF,1,1
yycS,1,1
yycR,1,1
yyzG,1,1
yycQ,1,1
yycP,1,1
yycO,1,1
yycN,1,1
argI,1,1
yyzO,1,1
BSU_40358,1,1
htrC,1,1
walJ,1,1
walI,1,1
walH,1,1
walK,0,1
walR,0,1
yycE,1,1
dnaC,0,1
yyzB,1,1
yycA,1,1
rplI,1,1
gdpP,1,1
yybS,1,1
yyzH,1,1
hypR,1,1
ppaC,0,1
yybP,1,1
yybO,1,1
yyzI,1,1
yyzJ,1,1
BSU_40576,1,1
yyzK,1,1
yyzL,1,1
ictI,1,1
yybH,1,1
yybG,1,1
yybF,1,1
yybE,1,1
yybD,1,1
yybC,1,1
yybB,1,1
yybA,1,1
yyaT,1,1
yyaS,1,1
yyaR,1,1
yyaQ,1,1
yyaP,1,1
yyaO,1,1
yyaN,1,1
yyaM,1,1
yyaL,1,1
yyaK,1,1
yyaJ,1,1
maa,1,1
yyaH,1,1
ssbA,0,1
engD,1,1
yyaE,1,1
yyzM,1,1
sprC,1,1
parB,1,1
parA,1,1
yyaB,1,1
nocA,1,1
rsmG,1,1
trmF,1,1
mnmE,1,1
oxaAA,1,1
rnpA,0,1
