"","full_E_GR_E_GS","e_ids","mm_pred","GT","GT_labs","MM_labs"
"1","thrA","b0002",0.876997214,0.793,1,1
"2","thrB","b0003",0,0.682,1,0
"3","thrC","b0004",0,0.625,1,0
"4","yaaJ","b0007",0.876997214,0.767,1,1
"5","talB","b0008",0.876997214,0.788,1,1
"6","mog","b0009",0.876997214,0.587,1,1
"7","nhaA","b0019",0.876997214,0.485,1,1
"8","ribF","b0025",0,0,0,0
"9","ispH","b0029",0,0,0,0
"10","rihC","b0030",0.876997214,0.803,1,1
"11","dapB","b0031",0,0,0,0
"12","carA","b0032",0.876997214,0.663,1,1
"13","carB","b0033",0.876997214,0.489,1,1
"14","caiD","b0036",0.876997214,0.688,1,1
"15","caiC","b0037",0.876997214,0.748,1,1
"16","caiB","b0038",0.876997214,0.736,1,1
"17","caiT","b0040",0.876997214,0.697,1,1
"18","kefF","b0046",0.876997214,0.758,1,1
"19","kefC","b0047",0.876997214,0.756,1,1
"20","folA","b0048",0.876997214,0,0,1
"21","apaH","b0049",0.876997214,0.504,1,1
"22","pdxA","b0052",0,0.709,1,0
"23","araD","b0061",0.876997214,0,0,1
"24","araA","b0062",0.876997214,0,0,1
"25","araB","b0063",0.876997214,0,0,1
"26","thiQ","b0066",0.876997214,0.872,1,1
"27","thiP","b0067",0.876997214,0.712,1,1
"28","setA","b0070",0.876997214,0.695,1,1
"29","leuD","b0071",0,0.769,1,0
"30","leuC","b0072",0,0.761,1,0
"31","leuB","b0073",0.876997214,0.726,1,1
"32","leuA","b0074",0,0.779,1,0
"33","ilvI","b0077",0.876997214,0.765,1,1
"34","ilvH","b0078",0.876997214,0.769,1,1
"35","ftsI","b0084",0,0,0,0
"36","murE","b0085",0,0,0,0
"37","murF","b0086",0,0,0,0
"38","mraY","b0087",0,0,0,0
"39","murD","b0088",0,0,0,0
"40","ftsW","b0089",0,0,0,0
"41","murG","b0090",0,0,0,0
"42","murC","b0091",0,0,0,0
"43","ddlB","b0092",0.876997214,0.734,1,1
"44","lpxC","b0096",0,0,0,0
"45","mutT","b0099",0.876997214,0.766,1,1
"46","coaE","b0103",0,0.869,1,0
"47","guaC","b0104",0.876997214,0.801,1,1
"48","nadC","b0109",0,0.628,1,0
"49","ampD","b0110",0.876997214,0.805,1,1
"50","aroP","b0112",0.876997214,0.806,1,1
"51","aceE","b0114",0.85819647,0.834,1,1
"52","aceF","b0115",0.85819647,0.771,1,1
"53","lpd","b0116",0.840897072,0.337,1,1
"54","acnB","b0118",0.876997214,0.704,1,1
"55","speD","b0120",0.876997214,0.734,1,1
"56","speE","b0121",0.876997214,0.867,1,1
"57","cueO","b0123",0.876997214,0.815,1,1
"58","gcd","b0124",0.876997214,0.801,1,1
"59","hpt","b0125",0.876997214,0.576,1,1
"60","can","b0126",0.876997214,0,0,1
"61","panD","b0131",0,0.782,1,0
"62","panC","b0133",0,0.73,1,0
"63","panB","b0134",0,0.701,1,0
"64","folK","b0142",0,0,0,0
"65","mrcB","b0149",0.876997214,0.608,1,1
"66","fhuA","b0150",0.876997214,0.887,1,1
"67","fhuC","b0151",0.876997214,0.776,1,1
"68","fhuD","b0152",0.876997214,0.822,1,1
"69","fhuB","b0153",0.876997214,0.695,1,1
"70","hemL","b0154",0,0,0,0
"71","clcA","b0155",0.876995068,0.988,1,1
"72","btuF","b0158",0.876997214,0.764,1,1
"73","dgt","b0160",0.876997214,0.828,1,1
"74","dapD","b0166",0,0,0,0
"75","pyrH","b0171",0.876997214,0,0,1
"76","dxr","b0173",0,0,0,0
"77","ispU","b0174",0,0,0,0
"78","cdsA","b0175",0,0,0,0
"79","lpxD","b0179",0,0,0,0
"80","fabZ","b0180",0,0,0,0
"81","lpxA","b0181",0,0,0,0
"82","lpxB","b0182",0,0,0,0
"83","accA","b0185",0,0,0,0
"84","ldcC","b0186",0.876997214,0.754,1,1
"85","metQ","b0197",0.876997214,0.695,1,1
"86","metI","b0198",0.876997214,0.77,1,1
"87","metN","b0199",0.876997214,0.786,1,1
"88","gmhB","b0200",0.876997214,0.295,1,1
"89","dkgB","b0207",0.876997214,0.873,1,1
"90","mltD","b0211",0.876997214,0.826,1,1
"91","gloB","b0212",0.876997214,0.773,1,1
"92","fadE","b0221",0.86977427,0.75,1,1
"93","pepD","b0237",0.876997214,0.816,1,1
"94","gpt","b0238",0.876997214,0.785,1,1
"95","phoE","b0241",0.876997214,0.752,1,1
"96","proB","b0242",0,0.804,1,0
"97","proA","b0243",0,0.811,1,0
"98","mmuP","b0260",0.876997214,0.945,1,1
"99","mmuM","b0261",0.876997214,0.763,1,1
"100","yagE","b0268",0.876997214,0.796,1,1
"101","yagF","b0269",0.876997214,0.795,1,1
"102","argF","b0273",0.876997214,0.757,1,1
"103","ykgE","b0306",0.876997214,0.884,1,1
"104","ykgF","b0307",0.876997214,0.834,1,1
"105","ykgG","b0308",0.876997214,0.79,1,1
"106","betA","b0311",0.876997214,0.818,1,1
"107","betB","b0312",0.876997214,0.773,1,1
"108","betT","b0314",0.876997214,0.82,1,1
"109","yahA","b0315",0.876997214,0.762,1,1
"110","yahK","b0325",0.876997214,0.838,1,1
"111","prpB","b0331",0.876997214,0.8,1,1
"112","prpC","b0333",0.876997214,0.815,1,1
"113","prpD","b0334",0.876997214,0.762,1,1
"114","prpE","b0335",0.876997214,0.633,1,1
"115","codB","b0336",0.876997214,0.712,1,1
"116","codA","b0337",0.876997214,0.778,1,1
"117","cynT","b0339",0.876997214,0.732,1,1
"118","cynS","b0340",0.876997214,0.807,1,1
"119","cynX","b0341",0.876997214,0.691,1,1
"120","lacY","b0343",0.876997214,0.786,1,1
"121","lacZ","b0344",0.876997214,0,0,1
"122","mhpA","b0347",0.876997214,0.878,1,1
"123","mhpB","b0348",0.876997214,0.671,1,1
"124","mhpC","b0349",0.876997214,0.754,1,1
"125","mhpD","b0350",0.876997214,0.738,1,1
"126","mhpF","b0351",0.876997214,0.806,1,1
"127","mhpE","b0352",0.876997214,0.796,1,1
"128","mhpT","b0353",0.876997214,0.793,1,1
"129","frmB","b0355",0.876997214,0.822,1,1
"130","frmA","b0356",0.876997214,0.677,1,1
"131","tauA","b0365",0.876997214,0.86,1,1
"132","tauB","b0366",0.876997214,0.715,1,1
"133","tauC","b0367",0.876997214,0.731,1,1
"134","tauD","b0368",0.876997214,0.764,1,1
"135","hemB","b0369",0,0,0,0
"136","ampH","b0376",0.876997214,0.779,1,1
"137","ddlA","b0381",0.876997214,0.86,1,1
"138","phoA","b0383",0.876997214,0.808,1,1
"139","proC","b0386",0,0.752,1,0
"140","aroL","b0388",0.876997214,0.799,1,1
"141","mak","b0394",0.876997214,0.766,1,1
"142","brnQ","b0401",0.876997214,0.664,1,1
"143","proY","b0402",0.876997214,0.774,1,1
"144","malZ","b0403",0.876997214,0.836,1,1
"145","tsx","b0411",0.876997214,0.818,1,1
"146","ribD","b0414",0,0,0,0
"147","ribE","b0415",0,0,0,0
"148","thiL","b0417",0,0,0,0
"149","pgpA","b0418",0.876997214,0.655,1,1
"150","dxs","b0420",0,0,0,0
"151","ispA","b0421",0,0,0,0
"152","thiI","b0423",0,0.713,1,0
"153","panE","b0425",0.876997214,0.662,1,1
"154","cyoE","b0428",0.876997214,0.505,1,1
"155","cyoD","b0429",0.777614283,0.756,1,1
"156","cyoC","b0430",0.777614283,0.705,1,1
"157","cyoB","b0431",0.777614283,0.717,1,1
"158","cyoA","b0432",0.777614283,0.71,1,1
"159","ampG","b0433",0.876997214,0.768,1,1
"160","cof","b0446",0.876997214,0.801,1,1
"161","amtB","b0451",0.876997214,0.81,1,1
"162","tesB","b0452",0.86977427,0.803,1,1
"163","maa","b0459",0.876997214,0.783,1,1
"164","acrB","b0462",0.876997214,0.791,1,1
"165","acrA","b0463",0.876997214,0.759,1,1
"166","apt","b0469",0.876997214,0.793,1,1
"167","adk","b0474",0.876994994,0,0,1
"168","hemH","b0475",0.876997214,0,0,1
"169","gsk","b0477",0.876997214,0.777,1,1
"170","ushA","b0480",0.876997214,0.739,1,1
"171","copA","b0484",0.876997214,0.701,1,1
"172","ybbO","b0493",0.876997214,0.805,1,1
"173","tesA","b0494",0.876997214,0.802,1,1
"174","allA","b0505",0.876997214,0.757,1,1
"175","gcl","b0507",0.876997214,0.869,1,1
"176","hyi","b0508",0.876997214,0.75,1,1
"177","glxR","b0509",0.876997214,0.765,1,1
"178","ybbW","b0511",0.876997214,0.8,1,1
"179","allB","b0512",0.876997214,0.761,1,1
"180","glxK","b0514",0.876997214,0.71,1,1
"181","allC","b0516",0.876997214,0.777,1,1
"182","allD","b0517",0.876997214,0.661,1,1
"183","ybcF","b0521",0.872882416,0.786,1,1
"184","purK","b0522",5.13e-13,0.524,1,1
"185","purE","b0523",5.13e-13,0.496,1,1
"186","lpxH","b0524",0,0,0,0
"187","folD","b0529",0.867536101,0,0,1
"188","emrE","b0543",0.876997214,0.701,1,1
"189","cusC","b0572",0.876997214,0.779,1,1
"190","cusF","b0573",0.876997214,0.831,1,1
"191","cusB","b0574",0.876997214,0.842,1,1
"192","cusA","b0575",0.876997214,0.855,1,1
"193","pheP","b0576",0.876997214,0.778,1,1
"194","ybdG","b0577",0.876997214,0.816,1,1
"195","entD","b0583",0.876997214,0,0,1
"196","fepA","b0584",0.876997214,0.826,1,1
"197","fes","b0585",0.876997214,0.409,1,1
"198","entF","b0586",0.876997214,0.811,1,1
"199","fepC","b0588",0.876997214,0.812,1,1
"200","fepG","b0589",0.876997214,0.702,1,1
"201","fepD","b0590",0.876997214,0.811,1,1
"202","fepB","b0592",0.876997214,0.817,1,1
"203","entC","b0593",0.876997214,0.824,1,1
"204","entE","b0594",0.876997214,0.666,1,1
"205","entB","b0595",0.876997214,0.694,1,1
"206","entA","b0596",0.876997214,0.791,1,1
"207","dsbG","b0604",0.876997214,0.854,1,1
"208","ahpC","b0605",0.876997214,0.74,1,1
"209","ahpF","b0606",0.876997214,0.724,1,1
"210","citT","b0612",0.876997214,0.802,1,1
"211","citG","b0613",0.876997214,0.737,1,1
"212","citX","b0614",0.876997214,0.84,1,1
"213","citF","b0615",0.876997214,0.765,1,1
"214","citE","b0616",0.876997214,0.787,1,1
"215","citD","b0617",0.876997214,0.778,1,1
"216","lipA","b0628",0.876997214,0.296,1,1
"217","lipB","b0630",0.876997214,0.552,1,1
"218","dacA","b0632",0.876997214,0.724,1,1
"219","mrdA","b0635",0,0,0,0
"220","cobC","b0638",0.876997214,0.721,1,1
"221","nadD","b0639",0,0,0,0
"222","hscC","b0650",0.876997214,0.732,1,1
"223","rihA","b0651",0.876997214,0.774,1,1
"224","gltL","b0652",0.876997214,0.757,1,1
"225","gltK","b0653",0.876997214,0.701,1,1
"226","gltJ","b0654",0.876997214,0.725,1,1
"227","gltI","b0655",0.876997214,0.717,1,1
"228","lnt","b0657",0.876997214,0,0,1
"229","ubiF","b0662",0.876997214,0.308,1,1
"230","asnB","b0674",0.876997214,0.746,1,1
"231","nagA","b0677",0.876997214,0.752,1,1
"232","nagB","b0678",0.876997214,0.738,1,1
"233","nagE","b0679",0.876997214,0.722,1,1
"234","fldA","b0684",0.876997214,0,0,1
"235","pgm","b0688",0.876997214,0.363,1,1
"236","potE","b0692",0.876997214,0.8,1,1
"237","speF","b0693",0.876997214,0.766,1,1
"238","kdpC","b0696",0.876997214,0.742,1,1
"239","kdpB","b0697",0.876997214,0.746,1,1
"240","kdpA","b0698",0.876997214,0.886,1,1
"241","kdpF","b4513",0.876997214,0.78,1,1
"242","gltA","b0720",0,0.841,1,0
"243","sdhC","b0721",0.841815793,0.42,1,1
"244","sdhD","b0722",0.841815793,0.334,1,1
"245","sdhA","b0723",0.841815793,0.434,1,1
"246","sdhB","b0724",0.841815793,0.33,1,1
"247","sucA","b0726",0.863370356,0.305,1,1
"248","sucB","b0727",0.863370356,0.396,1,1
"249","sucC","b0728",0.86511548,0.614,1,1
"250","sucD","b0729",0.86511548,0.573,1,1
"251","mngA","b0731",0.876997214,0.736,1,1
"252","mngB","b0732",0.876997214,0.815,1,1
"253","cydA","b0733",0.876997214,0,0,1
"254","cydB","b0734",0.876997214,0.525,1,1
"255","nadA","b0750",0,0.786,1,0
"256","pnuC","b0751",0.876997214,0.827,1,1
"257","zitB","b0752",0.876997214,0.742,1,1
"258","aroG","b0754",0.876997214,0.467,1,1
"259","gpmA","b0755",0.876997214,0.61,1,1
"260","galM","b0756",0.876997214,0.788,1,1
"261","galK","b0757",0.876997214,0.779,1,1
"262","galT","b0758",0.876997214,0.723,1,1
"263","galE","b0759",0.876997214,0.713,1,1
"264","modA","b0763",0.876997214,0.874,1,1
"265","modB","b0764",0.876997214,0.778,1,1
"266","modC","b0765",0.876997214,0.829,1,1
"267","ybhA","b0766",0.876997214,0.842,1,1
"268","bioA","b0774",0,0.733,1,0
"269","bioB","b0775",0,0.861,1,0
"270","bioF","b0776",0,0.789,1,0
"271","bioC","b0777",0,0.802,1,0
"272","bioD","b0778",0,0.792,1,0
"273","moaA","b0781",0.876997214,0.911,1,1
"274","moaC","b0783",0.876997214,0.82,1,1
"275","moaD","b0784",0.876997214,0.855,1,1
"276","moaE","b0785",0.876997214,0.789,1,1
"277","fiu","b0805",0.876997214,0.764,1,1
"278","ybiO","b0808",0.876997214,0.823,1,1
"279","glnQ","b0809",0.876997214,0.713,1,1
"280","glnP","b0810",0.876997214,0.742,1,1
"281","glnH","b0811",0.876997214,0.752,1,1
"282","rhtA","b0813",0.876997214,0.775,1,1
"283","ybiV","b0822",0.876997214,0.762,1,1
"284","fsaA","b0825",0.876997214,0.799,1,1
"285","moeB","b0826",0.876997214,0.891,1,1
"286","moeA","b0827",0.876997214,0.862,1,1
"287","iaaA","b0828",0.876997214,0.815,1,1
"288","yliI","b0837",0.876997214,0.732,1,1
"289","dacC","b0839",0.876997214,0.721,1,1
"290","ybjG","b0841",0.876997214,0.804,1,1
"291","ybjI","b0844",0.876997214,0.757,1,1
"292","grxA","b0849",0.876997214,0.805,1,1
"293","potF","b0854",0.876997214,0.747,1,1
"294","potG","b0855",0.876997214,0.487,1,1
"295","potH","b0856",0.876997214,0.769,1,1
"296","potI","b0857",0.876997214,0.729,1,1
"297","artJ","b0860",0.876997214,0.766,1,1
"298","artM","b0861",0.876997214,0.72,1,1
"299","artQ","b0862",0.876997214,0.708,1,1
"300","artI","b0863",0.876997214,0.722,1,1
"301","artP","b0864",0.876997214,0.699,1,1
"302","ltaE","b0870",0.876994732,0.753,1,1
"303","poxB","b0871",0.876997214,0.86,1,1
"304","ybjE","b0874",0.876997214,0.772,1,1
"305","aqpZ","b0875",0.876997214,0.808,1,1
"306","cydC","b0886",0.876997214,0,0,1
"307","cydD","b0887",0.876997214,0.608,1,1
"308","trxB","b0888",0.876997214,0.715,1,1
"309","dmsA","b0894",0.876997214,0.703,1,1
"310","dmsB","b0895",0.876997214,0.803,1,1
"311","dmsC","b0896",0.876997214,0.801,1,1
"312","pflA","b0902",0.876997214,0.773,1,1
"313","pflB","b0903",0.876997214,0.817,1,1
"314","focA","b0904",0.876997214,0.805,1,1
"315","ycaO","b0905",0.876997214,0.729,1,1
"316","serC","b0907",0.859389549,0.725,1,1
"317","aroA","b0908",0,0.394,1,0
"318","cmk","b0910",0.875295468,0.388,1,1
"319","msbA","b0914",0,0,0,0
"320","lpxK","b0915",0,0,0,0
"321","kdsB","b0918",0,0,0,0
"322","aspC","b0928",0.876997214,0.614,1,1
"323","ompF","b0929",0.876997214,0.836,1,1
"324","pncB","b0931",0.876997214,0.673,1,1
"325","pepN","b0932",0.876997214,0.756,1,1
"326","ssuB","b0933",0.876997214,0.814,1,1
"327","ssuC","b0934",0.876997214,0.791,1,1
"328","ssuD","b0935",0.876997214,0.502,1,1
"329","ssuA","b0936",0.876997214,0.811,1,1
"330","ssuE","b0937",0.876997214,0.473,1,1
"331","pyrD","b0945",0.876997214,0.645,1,1
"332","fabA","b0954",0.876997214,0,0,1
"333","ompA","b0957",0.876997214,0.766,1,1
"334","mgsA","b0963",0.876997214,0.809,1,1
"335","yccX","b0968",0.876997214,0.737,1,1
"336","hyaA","b0972",0.876997214,0.739,1,1
"337","hyaB","b0973",0.876997214,0.732,1,1
"338","hyaC","b0974",0.876997214,0.741,1,1
"339","appA","b0980",0.876997214,0.737,1,1
"340","torC","b0996",0.876997214,0.704,1,1
"341","torA","b0997",0.876997214,0.71,1,1
"342","agp","b1002",0.876997214,0.79,1,1
"343","wrbA","b1004",0.876997214,0.766,1,1
"344","putA","b1014",0.876997214,0.77,1,1
"345","putP","b1015",0.876997214,0.721,1,1
"346","ycdT","b1025",0.876997214,0.746,1,1
"347","lpxL","b1054",0.876997214,0.356,1,1
"348","solA","b1059",0.876997214,0.822,1,1
"349","pyrC","b1062",0,0.487,1,0
"350","grxB","b1064",0.876997214,0.737,1,1
"351","plsX","b1090",0.876997214,0.751,1,1
"352","fabH","b1091",0,0.352,1,0
"353","fabD","b1092",0,0,0,0
"354","fabG","b1093",0,0,0,0
"355","acpP","b1094",0,0,0,0
"356","fabF","b1095",0.876997214,0.686,1,1
"357","pabC","b1096",0.876997214,0.751,1,1
"358","yceG","b1097",0.876997214,0.886,1,1
"359","tmk","b1098",0,0,0,0
"360","ptsG","b1101",0.876997214,0.744,1,1
"361","fhuE","b1102",0.876997214,0.722,1,1
"362","hinT","b1103",0.876997214,0.717,1,1
"363","nagZ","b1107",0.876997214,0.788,1,1
"364","ndh","b1109",0.876997214,0.779,1,1
"365","potD","b1123",0.876997214,0.819,1,1
"366","potC","b1124",0.876997214,0.559,1,1
"367","potB","b1125",0.876997214,0.86,1,1
"368","potA","b1126",0.876997214,0.854,1,1
"369","purB","b1131",9.3e-13,0,0,1
"370","icd","b1136",0,0.61,1,0
"371","dsbB","b1185",0.876997214,0.356,1,1
"372","nhaB","b1186",0.876997214,0.812,1,1
"373","dadA","b1189",0.876997214,0.688,1,1
"374","dadX","b1190",0.876997214,0.732,1,1
"375","ldcA","b1192",0.876997214,0.637,1,1
"376","emtA","b1193",0.876997214,0.757,1,1
"377","treA","b1197",0.876997214,0.87,1,1
"378","dhaL","b1199",0.876997214,0.75,1,1
"379","dhaK","b1200",0.876997214,0.804,1,1
"380","ispE","b1208",0,0,0,0
"381","hemA","b1210",0,0,0,0
"382","kdsA","b1215",0,0,0,0
"383","chaA","b1216",0.876997214,0.627,1,1
"384","narK","b1223",0.876997214,0.764,1,1
"385","narG","b1224",0.876997214,0.774,1,1
"386","narH","b1225",0.876997214,0.765,1,1
"387","narJ","b1226",0.876997214,0.591,1,1
"388","narI","b1227",0.876997214,0.736,1,1
"389","purU","b1232",0.876997214,0.745,1,1
"390","galU","b1236",0.876997214,0.476,1,1
"391","tdk","b1238",0.876997214,0.822,1,1
"392","adhE","b1241",0.876997214,0.483,1,1
"393","oppA","b1243",0.876997214,0.845,1,1
"394","oppB","b1244",0.876997214,0.71,1,1
"395","oppC","b1245",0.876997214,0.74,1,1
"396","oppD","b1246",0.876997214,0.671,1,1
"397","oppF","b1247",0.876997214,0.776,1,1
"398","kch","b1250",0.876997214,0.746,1,1
"399","tonB","b1252",0.876997214,0.841,1,1
"400","trpA","b1260",0,0.604,1,0
"401","trpB","b1261",0,0.454,1,0
"402","trpC","b1262",0,0.677,1,0
"403","trpD","b1263",0,0.763,1,0
"404","trpE","b1264",0,0.894,1,0
"405","btuR","b1270",0.876997214,0.856,1,1
"406","acnA","b1276",0.876997214,0.821,1,1
"407","ribA","b1277",0,0,0,0
"408","pgpB","b1278",0.876997214,0.791,1,1
"409","pyrF","b1281",0,0.563,1,0
"410","gmr","b1285",0.876997214,0.948,1,1
"411","fabI","b1288",0,0,0,0
"412","sapD","b1291",0.876997214,0.586,1,1
"413","puuP","b1296",0.876997214,0.827,1,1
"414","puuA","b1297",0.876997214,0.797,1,1
"415","puuD","b1298",0.876997214,0.774,1,1
"416","puuC","b1300",0.876997214,0.699,1,1
"417","puuB","b1301",0.876997214,0.609,1,1
"418","puuE","b1302",0.876997214,0.83,1,1
"419","pspE","b1308",0.876997214,0.685,1,1
"420","ycjU","b1317",0.876997214,0.601,1,1
"421","ompG","b1319",0.876997214,0.737,1,1
"422","ycjG","b1325",0.876997214,0.771,1,1
"423","mpaA","b1326",0.876997214,0.693,1,1
"424","mppA","b1329",0.876997214,0.751,1,1
"425","ynaI","b1330",0.876997214,0.777,1,1
"426","abgT","b1336",0.876997214,0.799,1,1
"427","abgB","b1337",0.876997214,0.732,1,1
"428","abgA","b1338",0.876997214,0.793,1,1
"429","ydaM","b1341",0.876997214,0.789,1,1
"430","trkG","b1363",0.876997214,0.743,1,1
"431","ompN","b1377",0.876997214,0.541,1,1
"432","ldhA","b1380",0.876997214,0.874,1,1
"433","feaB","b1385",0.876997214,0.768,1,1
"434","tynA","b1386",0.876997214,0.689,1,1
"435","paaA","b1388",0.876997214,0.735,1,1
"436","paaB","b1389",0.876997214,0.732,1,1
"437","paaC","b1390",0.876997214,0.771,1,1
"438","paaD","b1391",0.876997214,0.779,1,1
"439","paaE","b1392",0.876997214,0.792,1,1
"440","paaF","b1393",0.876997214,0.748,1,1
"441","paaG","b1394",0.876997214,0.808,1,1
"442","paaH","b1395",0.876997214,0.681,1,1
"443","paaI","b1396",0.876997214,0.733,1,1
"444","paaJ","b1397",0.876997214,0.742,1,1
"445","paaK","b1398",0.876997214,0.72,1,1
"446","paaY","b1400",0.876997214,0.789,1,1
"447","aldA","b1415",0.876997214,0.697,1,1
"448","tehB","b1430",0.876997214,0.657,1,1
"449","ydcS","b1440",0.876997214,0.637,1,1
"450","ydcT","b1441",0.876997214,0.757,1,1
"451","ydcU","b1442",0.876997214,0.727,1,1
"452","ydcV","b1443",0.876997214,0.857,1,1
"453","ansP","b1453",0.876997214,0.624,1,1
"454","nhoA","b1463",0.876997214,0.694,1,1
"455","narV","b1465",0.876997214,0.725,1,1
"456","narW","b1466",0.876997214,0.85,1,1
"457","narY","b1467",0.876997214,0.711,1,1
"458","narZ","b1468",0.876997214,0.704,1,1
"459","narU","b1469",0.876997214,0.708,1,1
"460","yddG","b1473",0.876997214,0.514,1,1
"461","fdnG","b1474",0.876997214,0.731,1,1
"462","fdnH","b1475",0.876997214,0.716,1,1
"463","fdnI","b1476",0.876997214,0.764,1,1
"464","adhP","b1478",0.876997214,0.869,1,1
"465","ddpF","b1483",0.876997214,0.758,1,1
"466","ddpD","b1484",0.876997214,0.684,1,1
"467","ddpC","b1485",0.876997214,0.78,1,1
"468","ddpB","b1486",0.876997214,0.696,1,1
"469","ddpA","b1487",0.876997214,0.682,1,1
"470","ddpX","b1488",0.876997214,0.752,1,1
"471","gadC","b1492",0.876997214,0.707,1,1
"472","gadB","b1493",0.876997214,0.804,1,1
"473","lsrC","b1514",0.876997214,0.789,1,1
"474","lsrD","b1515",0.876997214,0.432,1,1
"475","lsrB","b1516",0.876997214,0.785,1,1
"476","lsrF","b1517",0.876968395,0.749,1,1
"477","lsrG","b1518",0.876968395,0.765,1,1
"478","tam","b1519",0.876997214,0.706,1,1
"479","uxaB","b1521",0.876997214,0.702,1,1
"480","ydeA","b1528",0.876997214,0.714,1,1
"481","eamA","b1533",0.876997214,0.758,1,1
"482","ydfG","b1539",0.876997214,0.771,1,1
"483","speG","b1584",0.876997214,0.793,1,1
"484","ynfE","b1587",0.876997214,0.687,1,1
"485","ynfF","b1588",0.876997214,0.814,1,1
"486","ynfG","b1589",0.876997214,0.72,1,1
"487","ynfH","b1590",0.876997214,0.564,1,1
"488","clcB","b1592",0.876997214,0.853,1,1
"489","mdtI","b1599",0.876997214,0.755,1,1
"490","mdtJ","b1600",0.876997214,0.773,1,1
"491","pntB","b1602",0.876997214,0.776,1,1
"492","pntA","b1603",0.876997214,0.839,1,1
"493","ydgI","b1605",0.876997214,0.716,1,1
"494","folM","b1606",0.876997214,0.758,1,1
"495","fumC","b1611",0.876997214,0.767,1,1
"496","fumA","b1612",0.876997214,0.746,1,1
"497","manA","b1613",0.876997214,0.72,1,1
"498","uidB","b1616",0.876997214,0.752,1,1
"499","uidA","b1617",0.876997214,0.801,1,1
"500","hdhA","b1619",0.876997214,0.785,1,1
"501","malX","b1621",0.876997214,0.794,1,1
"502","malY","b1622",0.876997214,0.8,1,1
"503","add","b1623",0.876997214,0.76,1,1
"504","pdxY","b1636",0.876997214,0.762,1,1
"505","pdxH","b1638",0.876997214,0.164,1,1
"506","sodC","b1646",0.876997214,0.808,1,1
"507","gloA","b1651",0.876997214,0.777,1,1
"508","sodB","b1656",0.876997214,0.741,1,1
"509","cfa","b1661",0.876997214,0.779,1,1
"510","ribC","b1662",0,0,0,0
"511","pykF","b1676",0.876997214,0.81,1,1
"512","lpp","b1677",0.876997214,0.561,1,1
"513","sufE","b1679",0.876997214,0.787,1,1
"514","sufS","b1680",0.876997214,0.858,1,1
"515","sufD","b1681",0.876997214,0.672,1,1
"516","sufC","b1682",0.876997214,0.754,1,1
"517","sufB","b1683",0.876997214,0.759,1,1
"518","sufA","b1684",0.876997214,0.757,1,1
"519","ydiB","b1692",0.876997214,0.814,1,1
"520","aroD","b1693",0,0.607,1,0
"521","ydiF","b1694",0.876997214,0.75,1,1
"522","ydiO","b1695",0.86977427,0.845,1,1
"523","aroH","b1704",0.876997214,0.7,1,1
"524","btuD","b1709",0.876997214,0.707,1,1
"525","btuE","b1710",0.876997214,0.716,1,1
"526","btuC","b1711",0.876997214,0.767,1,1
"527","pfkB","b1723",0.876997214,0.856,1,1
"528","yniC","b1727",0.876997214,0.798,1,1
"529","katE","b1732",0.876997214,0.808,1,1
"530","chbG","b1733",0.876997214,0.478,1,1
"531","chbF","b1734",0.876997214,0.761,1,1
"532","chbA","b1736",0.876997214,0.773,1,1
"533","chbC","b1737",0.876997214,0.707,1,1
"534","chbB","b1738",0.876997214,0.731,1,1
"535","nadE","b1740",0,0,0,0
"536","astE","b1744",0.876997214,0.886,1,1
"537","astB","b1745",0.876997214,0.67,1,1
"538","astD","b1746",0.876997214,0.821,1,1
"539","astA","b1747",0.876997214,0.73,1,1
"540","astC","b1748",0.876997214,0.8,1,1
"541","nudG","b1759",0.876997214,0.773,1,1
"542","gdhA","b1761",0.876997214,0.843,1,1
"543","selD","b1764",0.876997214,0.843,1,1
"544","ansA","b1767",0.876997214,0.744,1,1
"545","pncA","b1768",0.876997214,0.652,1,1
"546","ydjG","b1771",0.876997214,0.703,1,1
"547","gapA","b1779",0.759442815,0,0,1
"548","yeaE","b1781",0.876997214,0.746,1,1
"549","yeaP","b1794",0.876997214,0.804,1,1
"550","yeaV","b1801",0.876997214,0.63,1,1
"551","fadD","b1805",0.876997214,0.587,1,1
"552","pabB","b1812",0,0.806,1,0
"553","sdaA","b1814",0.876997214,0.785,1,1
"554","manX","b1817",0.876997214,0.71,1,1
"555","manY","b1818",0.876997214,0.728,1,1
"556","manZ","b1819",0.876997214,0.658,1,1
"557","purT","b1849",0.876997214,0.745,1,1
"558","eda","b1850",0.876997214,0.69,1,1
"559","edd","b1851",0.876997214,0.823,1,1
"560","zwf","b1852",0.873397841,0.759,1,1
"561","pykA","b1854",0.876997214,0.795,1,1
"562","lpxM","b1855",0.876997214,0.661,1,1
"563","znuA","b1857",0.876997214,0.801,1,1
"564","znuC","b1858",0.876997214,0.781,1,1
"565","znuB","b1859",0.876997214,0.694,1,1
"566","nudB","b1865",0.876997214,0.732,1,1
"567","torZ","b1872",0.876997214,0.72,1,1
"568","torY","b1873",0.876997214,0.781,1,1
"569","otsA","b1896",0.876997214,0.821,1,1
"570","otsB","b1897",0.876997214,0.749,1,1
"571","araH","b4460",0.876997214,0.804,1,1
"572","araG","b1900",0.876997214,0.699,1,1
"573","araF","b1901",0.876997214,0.892,1,1
"574","tyrP","b1907",0.876997214,0.748,1,1
"575","pgsA","b1912",0.876997214,0,0,1
"576","yecC","b1917",0.876997214,0.768,1,1
"577","yecS","b1918",0.876997214,0.75,1,1
"578","fliY","b1920",0.876997214,0.807,1,1
"579","amyA","b1927",0.876997214,0.794,1,1
"580","hchA","b1967",0.876997214,0.746,1,1
"581","shiA","b1981",0.876997214,0.676,1,1
"582","amn","b1982",0.876997214,0.771,1,1
"583","yeeO","b1985",0.876997214,0.808,1,1
"584","cobT","b1991",0.876997214,0.795,1,1
"585","cobS","b1992",0.876997214,0.81,1,1
"586","cobU","b1993",0.876997214,0.724,1,1
"587","dacD","b2010",0.876997214,0.811,1,1
"588","hisG","b2019",0,0.791,1,0
"589","hisD","b2020",0,0.761,1,0
"590","hisC","b2021",0,0.762,1,0
"591","hisB","b2022",0,0.72,1,0
"592","hisH","b2023",0,0.683,1,0
"593","hisA","b2024",0,0.679,1,0
"594","hisF","b2025",0,0.759,1,0
"595","hisI","b2026",0,0.792,1,0
"596","ugd","b2028",0.876997214,0.626,1,1
"597","gnd","b2029",0.873397841,0.781,1,1
"598","wbbK","b2032",0.876997214,0.771,1,1
"599","wbbJ","b2033",0.876997214,0.757,1,1
"600","wbbI","b2034",0.876997214,0.753,1,1
"601","wbbH","b2035",0.876997214,0.822,1,1
"602","glf","b2036",0.876997214,0.791,1,1
"603","rfbC","b2038",0.876997214,0.745,1,1
"604","rfbA","b2039",0.876997214,0.809,1,1
"605","rfbD","b2040",0.876997214,0.826,1,1
"606","rfbB","b2041",0.876997214,0.817,1,1
"607","wcaJ","b2047",0.876997214,0.669,1,1
"608","cpsG","b2048",0.876997214,0.751,1,1
"609","cpsB","b2049",0.876997214,0.85,1,1
"610","gmd","b2053",0.876997214,0.766,1,1
"611","dcd","b2065",0.876997214,0.731,1,1
"612","udk","b2066",0.876997214,0.466,1,1
"613","gatD","b2091",0.876997214,0.825,1,1
"614","gatC","b2092",0.876997214,0.797,1,1
"615","gatB","b2093",0.876997214,0.783,1,1
"616","gatZ","b2095",0.876997214,0.728,1,1
"617","gatY","b2096",0.876997214,0.791,1,1
"618","fbaB","b2097",0.876997214,0.833,1,1
"619","thiD","b2103",0,0.766,1,0
"620","thiM","b2104",0.876997214,0.831,1,1
"621","yehW","b2128",0.876997214,0.692,1,1
"622","yehX","b2129",0.876997214,0.693,1,1
"623","yehY","b2130",0.876997214,0.82,1,1
"624","bglX","b2132",0.876997214,0.761,1,1
"625","dld","b2133",0.876997214,0.924,1,1
"626","pbpG","b2134",0.876997214,0.785,1,1
"627","cdd","b2143",0.876997214,0.752,1,1
"628","mglC","b2148",0.876997214,0.79,1,1
"629","mglA","b2149",0.876997214,0.691,1,1
"630","mglB","b2150",0.876997214,0.48,1,1
"631","folE","b2153",0,0,0,0
"632","yeiG","b2154",0.876997214,0.808,1,1
"633","cirA","b2155",0.876997214,0.784,1,1
"634","lysP","b2156",0.876997214,0.676,1,1
"635","rihB","b2162",0.876997214,0.818,1,1
"636","fruA","b2167",0.876997214,0.813,1,1
"637","fruK","b2168",0.876997214,0.794,1,1
"638","fruB","b2169",0.876997214,0.762,1,1
"639","setB","b2170",0.876997214,0.708,1,1
"640","yeiR","b2173",0.876997214,0.755,1,1
"641","yejA","b2177",0.876997214,0.723,1,1
"642","yejB","b2178",0.876997214,0.761,1,1
"643","yejE","b2179",0.876997214,0.697,1,1
"644","yejF","b2180",0.876997214,0.81,1,1
"645","ccmE","b2197",0.876997214,0.824,1,1
"646","ccmD","b2198",0.876997214,0.775,1,1
"647","ccmC","b2199",0.876997214,0.798,1,1
"648","ccmB","b2200",0.876997214,0.833,1,1
"649","ccmA","b2201",0.876997214,0.782,1,1
"650","napC","b2202",0.876997214,0.81,1,1
"651","napB","b2203",0.876997214,0.762,1,1
"652","napH","b2204",0.876997214,0.774,1,1
"653","napG","b2205",0.876997214,0.74,1,1
"654","napA","b2206",0.876997214,0.801,1,1
"655","mqo","b2210",0.876997214,0.827,1,1
"656","ompC","b2215",0.876997214,0.734,1,1
"657","atoD","b2221",0.876997214,0.825,1,1
"658","atoA","b2222",0.876997214,0.772,1,1
"659","atoE","b2223",0.876997214,0.735,1,1
"660","atoB","b2224",0.876997214,0.809,1,1
"661","ubiG","b2232",0.876997214,0.274,1,1
"662","nrdA","b2234",0.876997214,0,0,1
"663","nrdB","b2235",0.876997214,0,0,1
"664","glpQ","b2239",0.876997214,0.764,1,1
"665","glpT","b2240",0.876997214,0.834,1,1
"666","glpA","b2241",0.876997214,0.739,1,1
"667","glpB","b2242",0.876997214,0.781,1,1
"668","glpC","b2243",0.876997214,0.806,1,1
"669","arnT","b2257",0.876997214,0.774,1,1
"670","menE","b2260",0.876997214,0.725,1,1
"671","menC","b2261",0.876997214,0.449,1,1
"672","menB","b2262",0.876997214,0.755,1,1
"673","menD","b2264",0.876997214,0.738,1,1
"674","menF","b2265",0.876997214,0.724,1,1
"675","nuoN","b2276",0.758643192,0.519,1,1
"676","nuoM","b2277",0.758643192,0.59,1,1
"677","nuoL","b2278",0.758643192,0.513,1,1
"678","nuoK","b2279",0.758643192,0.577,1,1
"679","nuoJ","b2280",0.758643192,0.53,1,1
"680","nuoI","b2281",0.758643192,0.556,1,1
"681","nuoH","b2282",0.758643192,0.567,1,1
"682","nuoG","b2283",0.758643192,0.588,1,1
"683","nuoF","b2284",0.758643192,0.498,1,1
"684","nuoE","b2285",0.758643192,0.395,1,1
"685","nuoC","b2286",0.758643192,0.532,1,1
"686","nuoB","b2287",0.758643192,0.6,1,1
"687","nuoA","b2288",0.758643192,0.561,1,1
"688","yfbR","b2291",0.876997214,0.753,1,1
"689","yfbT","b2293",0.876997214,0.778,1,1
"690","ackA","b2296",0.876997214,0.816,1,1
"691","pta","b2297",0.876997214,0.905,1,1
"692","yfcG","b2302",0.876997214,0.786,1,1
"693","folX","b2303",0.876997214,0.78,1,1
"694","hisP","b2306",0.876997214,0.853,1,1
"695","hisM","b2307",0.876997214,0.716,1,1
"696","hisQ","b2308",0.876997214,0.805,1,1
"697","hisJ","b2309",0.876997214,0.744,1,1
"698","argT","b2310",0.876997214,0.782,1,1
"699","purF","b2312",0,0.566,1,0
"700","folC","b2315",0,0,0,0
"701","accD","b2316",0,0,0,0
"702","pdxB","b2320",0.876995559,0.6,1,1
"703","fabB","b2323",0,0,0,0
"704","mepA","b2328",0.876997214,0.731,1,1
"705","aroC","b2329",0,0.621,1,0
"706","fadL","b2344",0.876997214,0.781,1,1
"707","yfdR","b2361",0.876997214,0.556,1,1
"708","dsdA","b2366",0.876997214,0.788,1,1
"709","yfdE","b2371",0.876997214,0.739,1,1
"710","oxc","b2373",0.876997214,0.78,1,1
"711","frc","b2374",0.876997214,0.749,1,1
"712","glk","b2388",0.876997214,0.906,1,1
"713","mntH","b2392",0.876997214,0.796,1,1
"714","nupC","b2393",0.876997214,0.749,1,1
"715","gltX","b2400",0,0,0,0
"716","xapB","b2406",0.876997214,0.838,1,1
"717","xapA","b2407",0.876997214,0.793,1,1
"718","ligA","b2411",0.876997214,0,0,1
"719","cysZ","b2413",0.876374595,0.76,1,1
"720","cysK","b2414",0.876997214,0.806,1,1
"721","ptsH","b2415",0.867593024,0.869,1,1
"722","ptsI","b2416",0.867593024,0.681,1,1
"723","crr","b2417",0.876997214,0.826,1,1
"724","pdxK","b2418",0.876997214,0.949,1,1
"725","cysM","b2421",0.876997214,0.809,1,1
"726","cysA","b2422",0.876997214,0.715,1,1
"727","cysW","b2423",0.876997214,0.672,1,1
"728","cysU","b2424",0.876997214,0.796,1,1
"729","cysP","b2425",0.876997214,0.746,1,1
"730","murP","b2429",0.876997214,0.823,1,1
"731","yfeW","b2430",0.876997214,0.818,1,1
"732","yfeX","b2431",0.876997214,0.871,1,1
"733","amiA","b2435",0.876997214,0.823,1,1
"734","hemF","b2436",0.876961904,0.804,1,1
"735","eutC","b2440",0.876997214,0.776,1,1
"736","eutB","b2441",0.876997214,0.721,1,1
"737","maeB","b2463",0.876997214,0.85,1,1
"738","talA","b2464",0.876997214,0.834,1,1
"739","tktB","b2465",0.876997214,0.823,1,1
"740","acrD","b2470",0.876997214,0.769,1,1
"741","dapE","b2472",0,0,0,0
"742","purC","b2476",5.13e-13,0.439,1,1
"743","dapA","b2478",0,0,0,0
"744","bcp","b2480",0.876997214,0.741,1,1
"745","hyfA","b2481",0.876997214,0.679,1,1
"746","hyfB","b2482",0.876997214,0.793,1,1
"747","hyfC","b2483",0.876997214,0.941,1,1
"748","hyfD","b2484",0.876997214,0.758,1,1
"749","hyfE","b2485",0.876997214,0.743,1,1
"750","hyfF","b2486",0.876997214,0.725,1,1
"751","hyfG","b2487",0.876997214,0.795,1,1
"752","hyfH","b2488",0.876997214,0.76,1,1
"753","hyfI","b2489",0.876997214,0.767,1,1
"754","hyfJ","b2490",0.876997214,0.817,1,1
"755","focB","b2492",0.876997214,0.719,1,1
"756","uraA","b2497",0.876997214,0.751,1,1
"757","upp","b2498",0.876997214,0.672,1,1
"758","purM","b2499",1.02e-12,0.526,1,1
"759","purN","b2500",0.875752618,0.613,1,1
"760","ppk","b2501",0.876997214,0.757,1,1
"761","ppx","b2502",0.876997214,0.809,1,1
"762","yfgF","b2503",0.876997214,0.746,1,1
"763","guaA","b2507",0,0.19,1,0
"764","guaB","b2508",0.875395337,0.278,1,1
"765","ispG","b2515",0,0,0,0
"766","ndk","b2518",0.876997214,0.721,1,1
"767","pbpC","b2519",0.876997214,0.834,1,1
"768","sseA","b2521",0.876997214,0.71,1,1
"769","pepB","b2523",0.876997214,0.725,1,1
"770","iscA","b2528",0.876995407,0.486,1,1
"771","iscU","b2529",0.876995407,0.388,1,1
"772","iscS","b2530",0,0.329,1,0
"773","suhB","b2533",0.876997214,0,0,1
"774","hcaT","b2536",0.876997214,0.774,1,1
"775","hcaE","b2538",0.876997214,0.812,1,1
"776","hcaF","b2539",0.876997214,0.811,1,1
"777","hcaC","b2540",0.876997214,0.785,1,1
"778","hcaB","b2541",0.876997214,0.795,1,1
"779","hcaD","b2542",0.876997214,0.753,1,1
"780","glyA","b2551",0.865636862,0.668,1,1
"781","hmp","b2552",0.876997214,0.728,1,1
"782","purL","b2557",1.02e-12,0.547,1,1
"783","acpS","b2563",0.876997214,0,0,1
"784","pdxJ","b2564",0,0.788,1,0
"785","nadB","b2574",0,0.714,1,0
"786","trxC","b2582",0.876997214,0.785,1,1
"787","pssA","b2585",0,0,0,0
"788","kgtP","b2587",0.876997214,0.75,1,1
"789","pheA","b2599",0,0.785,1,0
"790","tyrA","b2600",0,0.774,1,0
"791","aroF","b2601",0.876997214,0.729,1,1
"792","gabD","b2661",0.876997214,0.79,1,1
"793","gabT","b2662",0.876997214,0.733,1,1
"794","gabP","b2663",0.876997214,0.685,1,1
"795","ygaP","b2668",0.876997214,0.688,1,1
"796","nrdE","b2675",0.876997214,0.789,1,1
"797","nrdF","b2676",0.876997214,0.665,1,1
"798","proV","b2677",0.876997214,0.788,1,1
"799","proW","b2678",0.876997214,0.75,1,1
"800","proX","b2679",0.876997214,0.681,1,1
"801","ygaZ","b2682",0.876997214,0.855,1,1
"802","ygaH","b2683",0.876997214,0.699,1,1
"803","luxS","b2687",0,0.766,1,0
"804","gshA","b2688",0.876997214,0.787,1,1
"805","yqaB","b2690",0.876997214,0.694,1,1
"806","mltB","b2701",0.876997214,0.648,1,1
"807","srlA","b2702",0.876997214,0.681,1,1
"808","srlE","b2703",0.876997214,0.681,1,1
"809","srlB","b2704",0.876997214,0.772,1,1
"810","srlD","b2705",0.876997214,0.695,1,1
"811","norV","b2710",0.876997214,0.837,1,1
"812","norW","b2711",0.876997214,0.731,1,1
"813","ascF","b2715",0.876997214,0.827,1,1
"814","ascB","b2716",0.876997214,0.797,1,1
"815","hycG","b2719",0.876997214,0.744,1,1
"816","hycF","b2720",0.876997214,0.759,1,1
"817","hycE","b2721",0.876997214,0.783,1,1
"818","hycD","b2722",0.876997214,0.745,1,1
"819","hycC","b2723",0.876997214,0.746,1,1
"820","hycB","b2724",0.876997214,0.706,1,1
"821","hypB","b2727",0.876997214,0.783,1,1
"822","ygbL","b2738",0.876997214,0.766,1,1
"823","ispF","b2746",0,0,0,0
"824","ispD","b2747",0,0,0,0
"825","cysC","b2750",0,0.79,1,0
"826","cysN","b2751",0,0.797,1,0
"827","cysD","b2752",0,0.767,1,0
"828","cysH","b2762",0,0.814,1,0
"829","cysI","b2763",0,0.862,1,0
"830","cysJ","b2764",0,0.698,1,0
"831","eno","b2779",0.803566917,0,0,1
"832","pyrG","b2780",0,0,0,0
"833","mazG","b2781",0.876997214,0.767,1,1
"834","relA","b2784",0.876997214,0.76,1,1
"835","gudD","b2787",0.876997214,0.813,1,1
"836","gudX","b2788",0.876997214,0.777,1,1
"837","gudP","b2789",0.876997214,0.746,1,1
"838","sdaC","b2796",0.876997214,0.722,1,1
"839","sdaB","b2797",0.876997214,0.773,1,1
"840","fucO","b2799",0.876997214,0.749,1,1
"841","fucA","b2800",0.876997214,0.699,1,1
"842","fucP","b2801",0.876997214,0.66,1,1
"843","fucI","b2802",0.876997214,0.731,1,1
"844","fucK","b2803",0.876997214,0.854,1,1
"845","csdA","b2810",0.876997214,0.798,1,1
"846","mltA","b2813",0.876997214,0.7,1,1
"847","amiC","b2817",0.876997214,0.817,1,1
"848","argA","b2818",0,0.767,1,0
"849","thyA","b2827",0,0.257,1,0
"850","aas","b2836",0.86977427,0.788,1,1
"851","lysA","b2838",0,0.827,1,0
"852","araE","b2841",0.876997214,0.71,1,1
"853","kduD","b2842",0.876997214,0.667,1,1
"854","kduI","b2843",0.876997214,0.77,1,1
"855","xdhA","b2866",0.876997214,0.748,1,1
"856","xdhB","b2867",0.876997214,0.722,1,1
"857","xdhC","b2868",0.876997214,0.784,1,1
"858","ygeX","b2871",0.876997214,0.737,1,1
"859","hyuA","b2873",0.876997214,0.734,1,1
"860","guaD","b2883",0.876997214,0.628,1,1
"861","idi","b2889",0.876997214,0.788,1,1
"862","dsbC","b2893",0.876997214,0.743,1,1
"863","fldB","b2895",0.876997214,0.771,1,1
"864","bglA","b2901",0.876997214,0.702,1,1
"865","gcvP","b2903",0.87686311,0.67,1,1
"866","gcvH","b2904",0.87686311,0.643,1,1
"867","gcvT","b2905",0.87686311,0.708,1,1
"868","ubiH","b2907",0.876997214,0.559,1,1
"869","serA","b2913",0.859390785,0.856,1,1
"870","rpiA","b2914",0.876997214,0.297,1,1
"871","argK","b2918",0.876997214,0.798,1,1
"872","argO","b2923",0.876997214,0.723,1,1
"873","mscS","b2924",0.876997214,0.754,1,1
"874","fbaA","b2925",0.876997214,0,0,1
"875","pgk","b2926",0.759442815,0,0,1
"876","epd","b2927",0.876997214,0.844,1,1
"877","yggF","b2930",0.876997214,0.748,1,1
"878","cmtA","b2933",0.876997214,0.68,1,1
"879","cmtB","b2934",0.876997214,0.663,1,1
"880","tktA","b2935",0.876997214,0.7,1,1
"881","speB","b2937",0.876997214,0.959,1,1
"882","speA","b2938",0.876997214,0.789,1,1
"883","metK","b2942",0,0,0,0
"884","galP","b2943",0.876997214,0.932,1,1
"885","gshB","b2947",0.876997214,0.685,1,1
"886","ansB","b2957",0.876997214,0.594,1,1
"887","mltC","b2963",0.876997214,0.569,1,1
"888","nupG","b2964",0.876997214,0.749,1,1
"889","speC","b2965",0.876997214,0.849,1,1
"890","glcB","b2976",0.876997214,0.854,1,1
"891","glcF","b4467",0.876997214,0.764,1,1
"892","glcE","b4468",0.876997214,0.712,1,1
"893","glcD","b2979",0.876997214,0.786,1,1
"894","pitB","b2987",0.876997214,0.625,1,1
"895","gss","b2988",0.876997214,0.798,1,1
"896","yghU","b2989",0.876997214,0.782,1,1
"897","hybC","b2994",0.876997214,0.792,1,1
"898","hybB","b2995",0.876997214,0.821,1,1
"899","hybA","b2996",0.876997214,0.745,1,1
"900","hybO","b2997",0.876997214,0.819,1,1
"901","yghA","b3003",0.876997214,0.73,1,1
"902","exbD","b3005",0.876997214,0.755,1,1
"903","exbB","b3006",0.876997214,0.668,1,1
"904","metC","b3008",0.876997214,0.729,1,1
"905","yqhD","b3011",0.876997214,0.791,1,1
"906","dkgA","b3012",0.876997214,0.852,1,1
"907","plsC","b3018",0,0,0,0
"908","mdaB","b3028",0.876997214,0.828,1,1
"909","ygiN","b3029",0.876993191,0.645,1,1
"910","cpdA","b3032",0.876997214,0.784,1,1
"911","nudF","b3034",0.876997214,0.789,1,1
"912","tolC","b3035",0.876997214,0.782,1,1
"913","zupT","b3040",0,0.786,1,0
"914","ribB","b3041",0,0,0,0
"915","bacA","b3057",0.876997214,0.647,1,1
"916","folB","b3058",0,0.488,1,0
"917","ttdA","b3061",0.876997214,0.711,1,1
"918","ttdB","b3062",0.876997214,0.786,1,1
"919","yqjH","b3070",0.876997214,0.787,1,1
"920","sstT","b3089",0.876997214,0.759,1,1
"921","uxaA","b3091",0.876997214,0.806,1,1
"922","uxaC","b3092",0.876997214,0.841,1,1
"923","exuT","b3093",0.876997214,0.61,1,1
"924","tdcG","b4471",0.876997214,0.753,1,1
"925","tdcE","b3114",0.876997214,0.781,1,1
"926","tdcD","b3115",0.876997214,0.782,1,1
"927","tdcC","b3116",0.876997214,0.854,1,1
"928","tdcB","b3117",0.876997214,0.786,1,1
"929","garK","b3124",0.876997214,0.813,1,1
"930","garR","b3125",0.876997214,0.803,1,1
"931","garL","b3126",0.876997214,0.804,1,1
"932","garP","b3127",0.876997214,0.745,1,1
"933","garD","b3128",0.876997214,0.789,1,1
"934","kbaZ","b3132",0.876997214,0.627,1,1
"935","kbaY","b3137",0.876997214,0.613,1,1
"936","mtr","b3161",0.876997214,0.779,1,1
"937","argG","b3172",0,0.698,1,0
"938","glmM","b3176",0,0.491,1,0
"939","folP","b3177",0,0.528,1,0
"940","dacB","b3182",0.876997214,0.771,1,1
"941","ispB","b3187",0,0,0,0
"942","murA","b3189",0,0,0,0
"943","yrbG","b3196",0,0.727,1,0
"944","kdsD","b3197",0.876997214,0.777,1,1
"945","kdsC","b3198",0,0.741,1,0
"946","mtgA","b3208",0.876997214,0.805,1,1
"947","gltB","b3212",0.876997214,0.757,1,1
"948","gltD","b3213",0.876997214,0.816,1,1
"949","nanK","b3222",0.876997214,0.775,1,1
"950","nanE","b3223",0.876997214,0.779,1,1
"951","nanT","b3224",0.876997214,0.821,1,1
"952","nanA","b3225",0.876997214,0.669,1,1
"953","mdh","b3236",0.856444367,0.536,1,1
"954","aaeB","b3240",0.876997214,0.706,1,1
"955","aaeA","b3241",0.876997214,0.789,1,1
"956","yhdE","b3248",0.876997214,0.798,1,1
"957","accB","b3255",0,0,0,0
"958","accC","b3256",0,0,0,0
"959","panF","b3258",0.876997214,0.878,1,1
"960","acrE","b3265",0.876997214,0.812,1,1
"961","acrF","b3266",0.876997214,0.763,1,1
"962","purH","b4006",0,0.442,1,0
"963","purD","b4005",0,0.538,1,0
"964","hemE","b3997",0,0.579,1,0
"965","nudC","b3996",0.876997214,0.675,1,1
"966","thiC","b3994",0,0.846,1,0
"967","thiE","b3993",0,0.789,1,0
"968","thiF","b3992",0,0.806,1,0
"969","thiS","b4407",0,0.773,1,0
"970","thiG","b3991",0,0.655,1,0
"971","thiH","b3990",0,0.891,1,0
"972","coaA","b3974",0,0.771,1,0
"973","murB","b3972",0,0,0,0
"974","murI","b3967",0,0,0,0
"975","btuB","b3966",0.876997214,0.613,1,1
"976","sthA","b3962",0.876997214,0.719,1,1
"977","argH","b3960",0,0.762,1,0
"978","argB","b3959",0,0.709,1,0
"979","argC","b3958",0,0.803,1,0
"980","argE","b3957",0,0.787,1,0
"981","ppc","b3956",0.874562563,0.895,1,1
"982","pflC","b3952",0.876997214,0.869,1,1
"983","pflD","b3951",0.876997214,0.835,1,1
"984","fsaB","b3946",0.876997214,0.88,1,1
"985","gldA","b3945",0.876997214,0.673,1,1
"986","yijE","b3943",0.876997214,0.767,1,1
"987","katG","b3942",0.876997214,0.752,1,1
"988","metF","b3941",0,0.772,1,0
"989","metL","b3940",0.876997214,0.779,1,1
"990","metB","b3939",0,0.768,1,0
"991","menA","b3930",0.876997214,0.736,1,1
"992","glpF","b3927",0.876997214,0.604,1,1
"993","glpK","b3926",0.876997214,0.771,1,1
"994","glpX","b3925",0.876997214,0.791,1,1
"995","fpr","b3924",0.876997214,0.823,1,1
"996","tpiA","b3919",0.842262557,0.525,1,1
"997","cdh","b3918",0.876997214,0.715,1,1
"998","sbp","b3917",0.876997214,0.773,1,1
"999","pfkA","b3916",0.876997214,0.858,1,1
"1000","fieF","b3915",0.876997214,0.75,1,1
"1001","kdgT","b3909",0.876997214,0.663,1,1
"1002","sodA","b3908",0.876997214,0.755,1,1
"1003","rhaT","b3907",0.876997214,0.748,1,1
"1004","rhaB","b3904",0.876997214,0,0,1
"1005","rhaA","b3903",0.876997214,0,0,1
"1006","rhaD","b3902",0.876997214,0,0,1
"1007","fdoG","b3894",0.876997214,0.824,1,1
"1008","fdoH","b3893",0.876997214,0.706,1,1
"1009","fdoI","b3892",0.876997214,0.785,1,1
"1010","yihX","b3885",0.876997214,0.689,1,1
"1011","yihV","b3883",0.876997214,0.731,1,1
"1012","yihU","b3882",0.876997214,0.81,1,1
"1013","yihT","b3881",0.876997214,0.721,1,1
"1014","yihS","b3880",0.876997214,0.835,1,1
"1015","yihQ","b3878",0.876997214,0.807,1,1
"1016","yihP","b3877",0.876997214,0.832,1,1
"1017","yihO","b3876",0.876997214,0.725,1,1
"1018","ompL","b3875",0.876997214,0.792,1,1
"1019","glnA","b3870",0,0.387,1,0
"1020","hemN","b3867",0.876997214,0.762,1,1
"1021","dsbA","b3860",0.876997214,0.316,1,1
"1022","mobA","b3857",0.876997214,0.767,1,1
"1023","mobB","b3856",0.876997214,0.631,1,1
"1024","hemG","b3850",0,0,0,0
"1025","trkH","b3849",0.876997214,0.684,1,1
"1026","fadB","b3846",0.87452292,0.733,1,1
"1027","fadA","b3845",0.876997214,0.741,1,1
"1028","fre","b3844",0.875198111,0.651,1,1
"1029","ubiD","b3843",0,0,0,0
"1030","ubiE","b3833",0.876997214,0.294,1,1
"1031","udp","b3831",0.876997214,0.773,1,1
"1032","metE","b3829",0.876997214,0.826,1,1
"1033","yigL","b3826",0.876997214,0.841,1,1
"1034","pldB","b3825",0.876997214,0.797,1,1
"1035","rhtB","b3824",0.876997214,0.768,1,1
"1036","rhtC","b3823",0.876997214,0.768,1,1
"1037","pldA","b3821",0.876997214,0.812,1,1
"1038","corA","b3816",0.876996149,0.779,1,1
"1039","yigB","b3812",0.876997214,0.725,1,1
"1040","dapF","b3809",0,0.69,1,0
"1041","cyaA","b3806",0.876997214,0.324,1,1
"1042","hemC","b3805",0,0,0,0
"1043","hemD","b3804",0,0,0,0
"1044","wzyE","b3793",0.876997214,0,0,1
"1045","wzxE","b3792",0.876997214,0.713,1,1
"1046","rffH","b3789",0.876997214,0.715,1,1
"1047","rffG","b3788",0.876997214,0.901,1,1
"1048","wzzE","b3785",0.876997214,0.818,1,1
"1049","trxA","b3781",0.876997214,0.742,1,1
"1050","gpp","b3779",0.876997214,0.793,1,1
"1051","ilvC","b3774",0,0.775,1,0
"1052","ilvA","b3772",0.876997214,0.751,1,1
"1053","ilvD","b3771",0,0.758,1,0
"1054","ilvE","b3770",0,0.8,1,0
"1055","rbsK","b3752",0.876997214,0.596,1,1
"1056","rbsB","b3751",0.876997214,0.937,1,1
"1057","rbsC","b3750",0.876997214,0.527,1,1
"1058","rbsA","b3749",0.876997214,0.497,1,1
"1059","rbsD","b3748",0.876997214,0.688,1,1
"1060","asnA","b3744",0.876997214,0.726,1,1
"1061","atpI","b3739",0.876997214,0.784,1,1
"1062","atpB","b3738",0.284932923,0.229,1,1
"1063","atpE","b3737",0.284932923,0.233,1,1
"1064","atpF","b3736",0.284932923,0.259,1,1
"1065","atpH","b3735",0.284932923,0.315,1,1
"1066","atpA","b3734",0.284932923,0.314,1,1
"1067","atpG","b3733",0.284932923,0.186,1,1
"1068","atpD","b3732",0.284932923,0.237,1,1
"1069","atpC","b3731",0.284932923,0.127,1,1
"1070","glmU","b3730",0,0,0,0
"1071","glmS","b3729",0,0,0,0
"1072","pstS","b3728",0.876997214,0.636,1,1
"1073","pstC","b3727",0.876997214,0.658,1,1
"1074","pstA","b3726",0.876997214,0.616,1,1
"1075","pstB","b3725",0.876997214,0.853,1,1
"1076","bglF","b3722",0.876997214,0.709,1,1
"1077","bglB","b3721",0.876997214,0.809,1,1
"1078","yieH","b3715",0.876997214,0.622,1,1
"1079","tnaA","b3708",0.876762872,0.766,1,1
"1080","yidA","b3697",0.876997214,0.708,1,1
"1081","dgoK","b3693",0.876997214,0.764,1,1
"1082","dgoA","b4477",0.876997214,0.82,1,1
"1083","dgoD","b4478",0.876997214,0.727,1,1
"1084","dgoT","b3691",0.876997214,0.716,1,1
"1085","yidK","b3679",0.876997214,0.74,1,1
"1086","ilvB","b3671",0.876997214,0.788,1,1
"1087","ilvN","b3670",0.876997214,0.776,1,1
"1088","uhpT","b3666",0.876997214,0.819,1,1
"1089","yicI","b3656",0.876997214,0.774,1,1
"1090","gltS","b3653",0.876997214,0.758,1,1
"1091","spoT","b3650",0.876997214,0,0,1
"1092","gmk","b3648",0,0,0,0
"1093","pyrE","b3642",0,0.455,1,0
"1094","dut","b3640",0.876997214,0,0,1
"1095","dfp","b3639",0,0,0,0
"1096","coaD","b3634",0,0,0,0
"1097","kbl","b3617",0.876997214,0.664,1,1
"1098","tdh","b3616",0.876997214,0.771,1,1
"1099","yibQ","b3614",0.876997214,0.685,1,1
"1100","grxC","b3610",0.876997214,0.727,1,1
"1101","gpsA","b3608",0.876653361,0,0,1
"1102","cysE","b3607",0,0.582,1,0
"1103","lldD","b3605",0.876997214,0.916,1,1
"1104","lldP","b3603",0.876997214,0.767,1,1
"1105","mtlD","b3600",0.876997214,0.706,1,1
"1106","mtlA","b3599",0.876997214,0.787,1,1
"1107","selB","b3590",0.876997214,0.865,1,1
"1108","yiaY","b3589",0.876997214,0.831,1,1
"1109","aldB","b3588",0.876997214,0.766,1,1
"1110","sgbE","b3583",0.876997214,0.783,1,1
"1111","sgbU","b3582",0.876997214,0.803,1,1
"1112","sgbH","b3581",0.876997214,0.748,1,1
"1113","lyxK","b3580",0.876997214,0.658,1,1
"1114","yiaO","b3579",0.876997214,0.657,1,1
"1115","yiaN","b3578",0.876997214,0.806,1,1
"1116","yiaM","b3577",0.876997214,0.676,1,1
"1117","yiaK","b3575",0.876997214,0.739,1,1
"1118","avtA","b3572",0.876997214,0.813,1,1
"1119","malS","b3571",0.876997214,0.75,1,1
"1120","xylH","b3568",0.876997214,0.753,1,1
"1121","xylG","b3567",0.876997214,0.802,1,1
"1122","xylF","b3566",0.876997214,0.76,1,1
"1123","xylA","b3565",0.876997214,0.765,1,1
"1124","xylB","b3564",0.876997214,0.815,1,1
"1125","bisC","b3551",0.876997214,0.8,1,1
"1126","eptB","b3546",0.876997214,0.806,1,1
"1127","dppA","b3544",0.876997214,0.723,1,1
"1128","dppB","b3543",0.876997214,0.778,1,1
"1129","dppC","b3542",0.876997214,0.772,1,1
"1130","dppD","b3541",0.876997214,0.823,1,1
"1131","dppF","b3540",0.876997214,0.742,1,1
"1132","dctA","b3528",0.876997214,0.746,1,1
"1133","kdgK","b3526",0.876997214,0.765,1,1
"1134","yhjH","b3525",0.876997214,0.775,1,1
"1135","treF","b3519",0.876997214,0.73,1,1
"1136","gadA","b3517",0.876997214,0.761,1,1
"1137","arsC","b3503",0.876997214,0.802,1,1
"1138","arsB","b3502",0.876997214,0.794,1,1
"1139","gor","b3500",0.876997214,0.423,1,1
"1140","pitA","b3493",0.876997214,0.753,1,1
"1141","yhiJ","b3488",0.876997214,0.796,1,1
"1142","nikE","b3480",0.876997214,0.633,1,1
"1143","nikD","b3479",0.876997214,0.751,1,1
"1144","nikC","b3478",0.876997214,0.794,1,1
"1145","nikB","b3477",0.876997214,0.794,1,1
"1146","nikA","b3476",0.876997214,0.712,1,1
"1147","acpT","b3475",0.876997214,0.777,1,1
"1148","zntA","b3469",0.876997214,0.783,1,1
"1149","livJ","b3460",0.876997214,0.846,1,1
"1150","livK","b3458",0.876997214,0.778,1,1
"1151","livH","b3457",0.876997214,0.783,1,1
"1152","livM","b3456",0.876997214,0.75,1,1
"1153","livG","b3455",0.876997214,0.745,1,1
"1154","livF","b3454",0.876997214,0.849,1,1
"1155","ugpB","b3453",0.876997214,0.785,1,1
"1156","ugpA","b3452",0.876997214,0.783,1,1
"1157","ugpE","b3451",0.876997214,0.819,1,1
"1158","ugpC","b3450",0.876997214,0.782,1,1
"1159","ugpQ","b3449",0.876997214,0.858,1,1
"1160","ggt","b3447",0.876997214,0.785,1,1
"1161","gntK","b3437",0.876997214,0.739,1,1
"1162","gntU","b4476",0.876997214,0.884,1,1
"1163","asd","b3433",0,0,0,0
"1164","glgB","b3432",0.876997214,0.746,1,1
"1165","glgX","b3431",0.876997214,0.791,1,1
"1166","glgC","b3430",0.876997214,0.8,1,1
"1167","glgA","b3429",0.876997214,0.779,1,1
"1168","glgP","b3428",0.876997214,0.7,1,1
"1169","glpD","b3426",0.876997214,0.73,1,1
"1170","glpE","b3425",0.876997214,0.765,1,1
"1171","malP","b3417",0.876997214,0.748,1,1
"1172","malQ","b3416",0.876997214,0.816,1,1
"1173","gntT","b3415",0.876997214,0.747,1,1
"1174","bioH","b3412",0,0.839,1,0
"1175","feoB","b3409",0.876997214,0.869,1,1
"1176","pck","b3403",0.876997214,0.722,1,1
"1177","yrfG","b3399",0.876997214,0.549,1,1
"1178","nudE","b3397",0.876997214,0.732,1,1
"1179","mrcA","b3396",0.876997214,0.768,1,1
"1180","aroK","b3390",0.876997214,0.445,1,1
"1181","aroB","b3389",0,0.499,1,0
"1182","rpe","b3386",0.874953498,0.602,1,1
"1183","gph","b3385",0.876997214,0.787,1,1
"1184","frlD","b3374",0.876997214,0.84,1,1
"1185","frlC","b4474",0.876997214,0.722,1,1
"1186","frlB","b3371",0.876997214,0.813,1,1
"1187","frlA","b3370",0.876997214,0.717,1,1
"1188","cysG","b3368",0,0.738,1,0
"1189","nirC","b3367",0.876997214,0.789,1,1
"1190","nirD","b3366",0.876997214,0.811,1,1
"1191","nirB","b3365",0.876997214,0.819,1,1
"1192","pabA","b3360",0,0.816,1,0
"1193","argD","b3359",0.876997214,0.783,1,1
"1194","kefB","b3350",0.876997214,0.787,1,1
"1195","bfr","b3336",0.876997214,0.75,1,1
"1196","mscL","b3291",0.876997214,0.785,1,1
"1197","trkA","b3290",0.876997214,0.505,1,1
"1198","aroE","b3281",0.876997214,0.564,1,1
"1199","metA","b4013",0,0.76,1,0
"1200","aceB","b4014",0.876997214,0.843,1,1
"1201","aceA","b4015",0.876997214,0.824,1,1
"1202","metH","b4019",0.876997214,0.719,1,1
"1203","yjbB","b4020",0.876997214,0.808,1,1
"1204","lysC","b4024",0.876997214,0.728,1,1
"1205","pgi","b4025",0.869695658,0.639,1,1
"1206","xylE","b4031",0.876997214,0.698,1,1
"1207","malG","b4032",0.876997214,0.677,1,1
"1208","malF","b4033",0.876997214,0.64,1,1
"1209","malE","b4034",0.876997214,0.662,1,1
"1210","malK","b4035",0.876997214,0.658,1,1
"1211","lamB","b4036",0.876997214,0.804,1,1
"1212","ubiC","b4039",0.876997214,0.771,1,1
"1213","ubiA","b4040",0,0,0,0
"1214","plsB","b4041",0.876997214,0,0,1
"1215","dgkA","b4042",0.876997214,0.847,1,1
"1216","alr","b4053",0.876997214,0.859,1,1
"1217","tyrB","b4054",0.876997214,0.777,1,1
"1218","aphA","b4055",0.876997214,0.774,1,1
"1219","actP","b4067",0.876997214,0.768,1,1
"1220","acs","b4069",0.876997214,0.824,1,1
"1221","nrfA","b4070",0.876997214,0.805,1,1
"1222","nrfB","b4071",0.876997214,0.794,1,1
"1223","nrfC","b4072",0.876997214,0.796,1,1
"1224","nrfD","b4073",0.876997214,0.814,1,1
"1225","gltP","b4077",0.876997214,0.606,1,1
"1226","fdhF","b4079",0.876997214,0.678,1,1
"1227","alsK","b4084",0.876997214,0,0,1
"1228","alsE","b4085",0.876997214,0.768,1,1
"1229","alsC","b4086",0.876997214,0.628,1,1
"1230","alsA","b4087",0.876997214,0.724,1,1
"1231","alsB","b4088",0.876997214,0.626,1,1
"1232","rpiB","b4090",0.876997214,0.926,1,1
"1233","phnP","b4092",0.876997214,0.812,1,1
"1234","phnO","b4093",0.876997214,0.816,1,1
"1235","phnN","b4094",0.876997214,0.76,1,1
"1236","phnM","b4095",0.876997214,0.716,1,1
"1237","phnL","b4096",0.876997214,0.792,1,1
"1238","phnJ","b4098",0.876997214,0.831,1,1
"1239","phnI","b4099",0.876997214,0.809,1,1
"1240","phnH","b4100",0.876997214,0.787,1,1
"1241","phnG","b4101",0.876997214,0.782,1,1
"1242","phnD","b4105",0.876997214,0.602,1,1
"1243","phnC","b4106",0.876997214,0.73,1,1
"1244","proP","b4111",0.876997214,0.756,1,1
"1245","adiC","b4115",0.876997214,0.801,1,1
"1246","adiA","b4117",0.876997214,0.717,1,1
"1247","melA","b4119",0.876997214,0.572,1,1
"1248","melB","b4120",0.876997214,0.888,1,1
"1249","fumB","b4122",0.876997214,0.86,1,1
"1250","dcuB","b4123",0.876997214,0.705,1,1
"1251","lysU","b4129",0.876997214,0.771,1,1
"1252","cadA","b4131",0.876997214,0.766,1,1
"1253","cadB","b4132",0.876997214,0.646,1,1
"1254","dcuA","b4138",0.876997214,0.647,1,1
"1255","aspA","b4139",0.876997214,0.36,1,1
"1256","yjeH","b4141",0.876997214,0.45,1,1
"1257","frdD","b4151",0.876997214,0.752,1,1
"1258","frdC","b4152",0.876997214,0.849,1,1
"1259","frdB","b4153",0.876997214,0.365,1,1
"1260","frdA","b4154",0.876997214,0.8,1,1
"1261","psd","b4160",0,0,0,0
"1262","rsgA","b4161",0.876997214,0.637,1,1
"1263","amiB","b4169",0.876997214,0.799,1,1
"1264","hflX","b4173",0.876997214,0.8,1,1
"1265","purA","b4177",3.63e-13,0.242,1,1
"1266","ulaG","b4192",0.876997214,0.762,1,1
"1267","ulaA","b4193",0.876997214,0.709,1,1
"1268","ulaB","b4194",0.876997214,0.71,1,1
"1269","ulaC","b4195",0.876997214,0.736,1,1
"1270","ulaD","b4196",0.876997214,0.582,1,1
"1271","ulaE","b4197",0.876997214,0.637,1,1
"1272","ulaF","b4198",0.876997214,0.493,1,1
"1273","cycA","b4208",0.876481862,0.702,1,1
"1274","ytfE","b4209",0.876977896,0.655,1,1
"1275","cpdB","b4213",0.876997214,0.801,1,1
"1276","cysQ","b4214",0,0.678,1,0
"1277","msrA","b4219",0.876997214,0.741,1,1
"1278","ppa","b4226",0.876997214,0,0,1
"1279","ytfQ","b4227",0.876997214,0.649,1,1
"1280","ytfR","b4485",0.876997214,0.761,1,1
"1281","ytfT","b4230",0.876997214,0.946,1,1
"1282","yjfF","b4231",0.876997214,0.887,1,1
"1283","fbp","b4232",0.876997214,0.313,1,1
"1284","mpl","b4233",0.876997214,0.75,1,1
"1285","nrdG","b4237",0.876997214,0.778,1,1
"1286","nrdD","b4238",0.876909498,0.824,1,1
"1287","treC","b4239",0.876997214,0.433,1,1
"1288","treB","b4240",0.876997214,0.705,1,1
"1289","mgtA","b4242",0.876997214,0.729,1,1
"1290","pyrI","b4244",0.876997214,0.795,1,1
"1291","pyrB","b4245",0,0.442,1,0
"1292","argI","b4254",0.876997214,0.765,1,1
"1293","pepA","b4260",0.876997214,0.647,1,1
"1294","idnT","b4265",0.876997214,0.499,1,1
"1295","idnO","b4266",0.876997214,0.631,1,1
"1296","idnD","b4267",0.876997214,0.59,1,1
"1297","idnK","b4268",0.876997214,0.775,1,1
"1298","fecE","b4287",0.876997214,0.805,1,1
"1299","fecD","b4288",0.876997214,0.83,1,1
"1300","fecC","b4289",0.876997214,0.889,1,1
"1301","fecB","b4290",0.876997214,0.749,1,1
"1302","fecA","b4291",0.876997214,0.71,1,1
"1303","yjhG","b4297",0.876997214,0.688,1,1
"1304","yjhH","b4298",0.876997214,0.764,1,1
"1305","gntP","b4321",0.876997214,0.661,1,1
"1306","uxuA","b4322",0.876997214,0.657,1,1
"1307","uxuB","b4323",0.876997214,0.698,1,1
"1308","yjiA","b4352",0.876997214,0.727,1,1
"1309","fhuF","b4367",0.876997214,0.762,1,1
"1310","yjjG","b4374",0.876997214,0.832,1,1
"1311","deoC","b4381",0.876997214,0.748,1,1
"1312","deoA","b4382",0.876997214,0.82,1,1
"1313","deoB","b4383",0.876994994,0.789,1,1
"1314","deoD","b4384",0.876994994,0.784,1,1
"1315","lplA","b4386",0.876997214,0.781,1,1
"1316","serB","b4388",0.859390785,0.755,1,1
"1317","nadR","b4390",0.876997214,0.723,1,1
"1318","slt","b4392",0.876997214,0.7,1,1
"1319","yjjX","b4394",0.876997214,0.689,1,1
"1320","dcuC","b0621",0.876997214,0.773,1,1
"1321","gatA","b2094",0.876997214,0.88,1,1
"1322","tnaB","b3709",0.876997214,0.566,1,1
"1323","phnE","b4104",0.876997214,0.731,1,1
